section_id	text
1	μαρτύρων μὲν οὐκ ἀπορίαν μοι ἔσεσθαι δοκῶ, ὦ ἄνδρες δικασταί· πολλοὺς γὰρ ὑμῶν ὁρῶ δικάζοντας τῶν τότε παρόντων, ὅτε Λυσίθεος Θεόμνηστον εἰσήγγελλε τὰ ὅπλα ἀποβεβληκότα, οὐκ ἐξὸν αὐτῷ, δημηγορεῖν· ἐν ἐκείνῳ γὰρ τῷ ἀγῶνι τὸν πατέρα μ’ ἔφασκεν ἀπεκτονέναι τὸν ἐμαυτοῦ. ἐγὼ δ’,
2	εἰ μὲν τὸν ἑαυτοῦ με ἀπεκτονέναι ᾐτιᾶτο, συγγνώμην ἂν εἶχον αὐτῷ τῶν εἰρημένων (φαῦλον γὰρ αὐτὸν καὶ οὐδενὸς ἄξιον ἡγούμην)· οὐδ’ εἴ τι ἄλλο τῶν ἀπορρήτων ἤκουσα, οὐκ ἂν ἐπεξῆλθον αὐτῷ (ἀνελευθέρου γὰρ καὶ λίαν φιλοδίκου εἶναι νομίζω κακηγορίας δικάζεσθαι)·
3	νυνὶ δὲ αἰσχρόν μοι εἶναι δοκεῖ τοῦ πατρός, οὕτω πολλοῦ ἀξίου γεγενημένου καὶ ὑμῖν καὶ τῇ πόλει, μὴ τιμωρήσασθαι τὸν ταῦτ’ εἰρηκότα, καὶ παρ’ ὑμῶν εἰδέναι βούλομαι πότερον δώσει δίκην, ἢ τούτῳ μόνῳ Ἀθηναίων ἐξαίρετόν ἐστι καὶ ποιεῖν καὶ λέγειν παρὰ τοὺς νόμους ὅ τι ἂν βούληται.
4	ἐμοὶ γάρ, ὦ ἄνδρες δικασταί, ἔτη ἐστὶ δύο καὶ τριάκοντα, ἐξ ὅτου δ’ ὑμεῖς κατεληλύθατε, εἰκοστὸν τουτί. φαίνομαι οὖν τρισκαιδεκέτης ὢν ὅτε ὁ πατὴρ ὑπὸ τῶν τριάκοντα ἀπέθνησκε. ταύτην δὲ ἔχων τὴν ἡλικίαν οὔτε τί ἔστιν ὀλιγαρχία ἠπιστάμην, οὔτε ἂν ἐκείνῳ ἀδικουμένῳ ἐδυνάμην βοηθῆσαι.
5	καὶ μὲν δὴ οὐκ ὀρθῶς τῶν χρημάτων ἕνεκα ἐπεβούλευσα ἂν αὐτῷ· ὁ γὰρ πρεσβύτερος ἀδελφὸς Πανταλέων ἅπαντα παρέλαβε, καὶ ἐπιτροπεύσας ἡμᾶς τῶν πατρῴων ἀπεστέρησεν, ὥστε πολλῶν ἕνεκα, ὦ ἄνδρες δικασταί, προσήκει μοι αὐτὸν βούλεσθαι ζῆν. ἀνάγκη μὲν οὖν περὶ αὐτῶν μνησθῆναι, οὐδὲν δὲ δεῖ πολλῶν λόγων· σχεδὸν γὰρ ἐπίστασθε ἅπαντες ὅτι ἀληθῆ λέγω. ὅμως δὲ μάρτυρας αὐτῶν παρέξομαι.
6	Μάρτυρες
6	ἴσως τοίνυν, ὦ ἄνδρες δικασταί, περὶ τούτων μὲν οὐδὲν ἀπολογήσεται, ἐρεῖ δὲ πρὸς ὑμᾶς ἅπερ ἐτόλμα λέγειν καὶ πρὸς τὸν διαιτητήν, ὡς οὐκ ἔστι τῶν ἀπορρήτων, ἐάν τις εἴπῃ τὸν πατέρα ἀπεκτονέναι· τὸν γὰρ νόμον οὐ ταῦτ’ ἀπαγορεύειν, ἀλλ’ ἀνδροφόνον οὐκ ἐᾶν λέγειν.
7	ἐγὼ δὲ οἶμαι ὑμᾶς, ὦ ἄνδρες δικασταί, οὐ περὶ τῶν ὀνομάτων διαφέρεσθαι ἀλλὰ τῆς τούτων διανοίας, καὶ πάντας εἰδέναι, ὅτι ὅσοι ἀπεκτόνασί τινας, καὶ ἀνδροφόνοι εἰσί, καὶ ὅσοι ἀνδροφόνοι εἰσί, καὶ ἀπεκτόνασί τινας. πολὺ γὰρ ἔργον ἦν τῷ νομοθέτῃ ἅπαντα τὰ ὀνόματα γράφειν ὅσα τὴν αὐτὴν δύναμιν ἔχει· ἀλλὰ περὶ ἑνὸς εἰπὼν περὶ πάντων ἐδήλωσεν.
8	οὐ γὰρ δήπου, ὦ Θεόμνηστε, εἰ μέν τίς σε εἴποι πατραλοίαν ἢ μητραλοίαν, ἠξίους ἂν αὐτὸν ὀφλεῖν σοι δίκην, εἰ δέ τις εἴποι ὡς τὴν τεκοῦσαν ἢ τὸν φύσαντα ἔτυπτες, ᾤου ἂν αὐτὸν ἀζήμιον δεῖν εἶναι ὡς οὐδὲν τῶν ἀπορρήτων εἰρηκότα.
9	ἡδέως γὰρ ἄν σου πυθοίμην (περὶ τοῦτο γὰρ δεινὸς εἶ καὶ μεμελέτηκας καὶ ποιεῖν καὶ λέγειν)· εἴ τίς σε εἴποι ῥῖψαι τὴν ἀσπίδα (ἐν δὲ τῷ νόμῳ εἴρηται, ἐάν τις φάσκῃ ἀποβεβληκέναι, ὑπόδικον εἶναι), οὐκ ἂν ἐδικάζου αὐτῷ ἀλλ’ ἐξήρκει ἄν σοι ἐρριφέναι τὴν ἀσπίδα λέγοντι οὐδέν σοι μέλειν;
10	οὐδὲ γὰρ τὸ αὐτό ἐστι ῥῖψαι καὶ ἀποβεβληκέναι· ἀλλ’ οὐδ’ ἂν τῶν ἕνδεκα γενόμενος ἀποδέξαιο, εἴ τις ἀπάγοι τινὰ φάσκων θοἰμάτιον ἀποδεδύσθαι ἢ τὸν χιτωνίσκον ἐκδεδύσθαι, ἀλλ’ ἀφείης ἂν τὸν αὐτὸν τρόπον, ὅτι οὐ λωποδύτης ὀνομάζεται. οὐδ’ εἴ τις παῖδα ἐξαγαγὼν ληφθείη, οὐκ ἂν φάσκοις αὐτὸν ἀνδραποδιστὴν εἶναι, εἴπερ μαχεῖ τοῖς ὀνόμασιν, ἀλλὰ μὴ τοῖς ἔργοις τὸν νοῦν προσέξεις, ὧν ἕνεκα τὰ ὀνόματα πάντες τίθενται.
11	ἔτι τοίνυν σκέψασθε, ὦ ἄνδρες δικασταί· οὑτοσὶ γάρ μοι δοκεῖ ὑπὸ ῥᾳθυμίας καὶ μαλακίας οὐδ’ εἰς Ἄρειον πάγον ἀναβεβηκέναι. πάντες γὰρ ἐπίστασθε ὅτι ἐν ἐκείνῳ τῷ χωρίῳ, ὅταν τὰς τοῦ φόνου δίκας δικάζωνται, οὐ διὰ τούτου τοῦ ὀνόματος τὰς διωμοσίας ποιοῦνται, ἀλλὰ δι’ οὗπερ ἐγὼ κακῶς ἀκήκοα· ὁ μὲν γὰρ διώκων ὡς ἔκτεινε διόμνυται, ὁ δὲ φεύγων ὡς οὐκ ἔκτεινεν.
12	οὐκ οὖν ἄτοπον ἂν εἴη τὸν δράσαντ’ ἀφεῖναι φάσκοντα ἀνδροφόνον εἶναι, ὅτι ὁ διώκων, ὡς ἔκτεινε, τὸν φεύγοντα διωμόσατο; τί γὰρ ταῦτα, ὧν οὗτος ἐρεῖ, διαφέρει; καὶ αὐτὸς μὲν Λυσιθέῳ κακηγορίας ἐδικάσω εἰπόντι σε ἐρριφέναι τὴν ἀσπίδα. καίτοι περὶ μὲν τοῦ ῥῖψαι οὐδὲν ἐν τῷ νόμῳ εἴρηται, ἐὰν δέ τις εἴπῃ ἀποβεβληκέναι τὴν ἀσπίδα, πεντακοσίας δραχμὰς ὀφείλειν κελεύει.
13	οὐκ οὖν δεινόν, εἰ ὅταν μὲν δέῃ σὲ κακῶς ἀκούσαντα τοὺς ἐχθροὺς τιμωρεῖσθαι, οὕτω τοὺς νόμους ὥσπερ ἐγὼ νῦν λαμβάνεις, ὅταν δ’ ἕτερον παρὰ τοὺς νόμους εἴπῃς κακῶς, οὐκ ἀξιοῖς δοῦναι δίκην; πότερον οὕτως σὺ δεινὸς εἶ ὥστε, ὅπως ἂν βούλῃ, οἷός τ’ εἶ χρῆσθαι τοῖς νόμοις, ἢ τοσοῦτον δύνασαι ὥστε οὐδέποτε οἴει τοὺς ἀδικουμένους ὑπὸ σοῦ τιμωρίας τεύξεσθαι; εἶτ’ οὐκ αἰσχύνῃ οὕτως ἀνοήτως διακείμενος,
14	ὥστε οὐκ ἐξ ὧν εὖ πεποίηκας τὴν πόλιν, ἀλλ’ ἐξ ὧν ἀδικῶν οὐ δέδωκας δίκην, οἴει δεῖν πλεονεκτεῖν; καί μοι ἀνάγνωθι τὸν νόμον.
15	Νόμος
15	ἐγὼ τοίνυν, ὦ ἄνδρες δικασταί, ὑμᾶς μὲν πάντας εἰδέναι ἡγοῦμαι ὅτι ἐγὼ μὲν ὀρθῶς λέγω, τοῦτον δὲ οὕτω σκαιὸν εἶναι ὥστε οὐ δύνασθαι μαθεῖν τὰ λεγόμενα. βούλομαι οὖν αὐτὸν καὶ ἐξ ἑτέρων νόμων περὶ τούτων διδάξαι, ἐάν πως ἀλλὰ νῦν ἐπὶ τοῦ βήματος παιδευθῇ καὶ τὸ λοιπὸν ἡμῖν μὴ παρέχῃ πράγματα. καί μοι ἀνάγνωθι τούτους τοὺς νόμους τοὺς Σόλωνος τοὺς παλαιούς.
16	Νόμος
16	δεδέσθαι δ’ ἐν τῇ ποδοκάκκῃ ἡμέρας πέντε τὸν πόδα, ἐὰν προστιμήσῃ ἡ ἡλιαία.
16	ἡ ποδοκάκκη αὕτη ἐστίν, ὦ Θεόμνηστε, ὃ νῦν καλεῖται ἐν τῷ ξύλῳ δεδέσθαι. εἰ οὖν ὁ δεθεὶς ἐξελθὼν ἐν ταῖς εὐθύναις τῶν ἕνδεκα κατηγοροίη ὅτι οὐκ ἐν τῇ ποδοκάκκῃ ἐδέδετο ἀλλ’ ἐν τῷ ξύλῳ, οὐκ ἂν ἠλίθιον αὐτὸν νομίζοιεν; λέγε ἕτερον νόμον.
17	Νόμος
17	ἐπεγγυᾶν δ’ ἐπιορκήσαντα τὸν Ἀπόλλω. δεδιότα δὲ δίκης ἕνεκα δρασκάζειν.
17	τοῦτο τὸ ἐπιορκήσαντα ὀμόσαντά ἐστι, τό τε δρασκάζειν, ὃ νῦν ἀποδιδράσκειν ὀνομάζομεν.
17	ὅστις δὲ ἀπίλλει τῇ θύρᾳ, ἔνδον τοῦ κλέπτου ὄντος.
17	τὸ ἀπίλλειν τοῦτο ἀποκλείειν νομίζεται, καὶ μηδὲν διὰ τοῦτο διαφέρου.
18	τὸ ἀργύριον στάσιμον εἶναι ἐφ’ ὁπόσῳ ἂν βούληται ὁ δανείζων.
18	τὸ στάσιμον τοῦτό ἐστιν, ὦ βέλτιστε, οὐ ζυγῷ ἱστάναι ἀλλὰ τόκον πράττεσθαι ὁπόσον ἂν βούληται. ἔτι δ’ ἀνάγνωθι τουτουὶ τοῦ νόμου τὸ τελευταῖον.
19	Νόμος
19	ὅσαι δὲ πεφασμένως πολοῦνται, καὶ
19	οἰκῆος βλάβης τὴν διπλὴν εἶναι ὀφείλειν.
19	προσέχετε τὸν νοῦν. τὸ μὲν πεφασμένως ἐστὶ φανερῶς, πολεῖσθαι δὲ βαδίζειν, τὸ δὲ οἰκῆος θεράποντος.
20	πολλὰ δὲ τοιαῦτα καὶ ἄλλα ἐστίν, ὦ ἄνδρες δικασταί. ἀλλ’ εἰ μὴ σιδηροῦς ἐστιν, οἴομαι αὐτὸν ἔννουν γεγονέναι ὅτι τὰ μὲν πράγματα ταὐτά ἐστι νῦν τε καὶ πάλαι, τῶν δὲ ὀνομάτων ἐνίοις οὐ τοῖς αὐτοῖς χρώμεθα νῦν τε καὶ πρότερον. δηλώσει δέ· οἰχήσεται γὰρ ἀπιὼν ἀπὸ τοῦ βήματος σιωπῇ.
21	εἰ δὲ μή, δέομαι ὑμῶν, ὦ ἄνδρες δικασταί, τὰ δίκαια ψηφίσασθαι, ἐνθυμουμένους ὅτι πολὺ μεῖζον κακόν ἐστιν ἀκοῦσαί τινα τὸν πατέρα ἀπεκτονέναι ἢ τὴν ἀσπίδα ἀποβεβληκέναι. ἐγὼ γοῦν δεξαίμην ἂν πάσας τὰς ἀσπίδας ἐρριφέναι ἢ τοιαύτην γνώμην ἔχειν περὶ τὸν πατέρα.
22	οὗτος οὖν ἔνοχος μὲν ὢν τῇ αἰτίᾳ, ἐλάττονος δὲ οὔσης αὐτῷ τῆς συμφορᾶς, οὐ μόνον ὑφ’ ὑμῶν ἠλεήθη, ἀλλὰ καὶ τὸν μαρτυρήσαντα ἠτίμωσεν. ἐγὼ δὲ ἑωρακὼς μὲν ἐκεῖνο τοῦτον ποιήσαντα ὃ καὶ ὑμεῖς ἴστε, αὐτὸς δὲ σώσας τὴν ἀσπίδα, ἀκηκοὼς δὲ οὕτως ἀνόσιον καὶ δεινὸν πρᾶγμα, μεγίστης δὲ οὔσης μοι τῆς συμφορᾶς, εἰ ἀποφεύξεται, τούτῳ δ’ οὐδενὸς ἀξίας, εἰ κακηγορίας ἁλώσεται, οὐκ ἄρα δίκην παρ’ αὐτοῦ λήψομαι; τίνος ὄντος ἐμοὶ πρὸς ὑμᾶς ἐγκλήματος;
23	πότερον ὅτι δικαίως ἀκήκοα; ἀλλ’ οὐδ’ ἂν αὐτοὶ φήσαιτε. ἀλλ’ ὅτι βελτίων καὶ ἐκ βελτιόνων ὁ φεύγων ἐμοῦ; ἀλλ’ οὐδ’ ἂν αὐτὸς ἀξιώσειεν. ἀλλ’ ὅτι ἀποβεβληκὼς τὰ ὅπλα δικάζομαι κακηγορίας τῷ σώσαντι; ἀλλ’ οὐχ οὗτος ὁ λόγος ἐν τῇ πόλει κατεσκέδασται.
24	ἀναμνήσθητε δὲ ὅτι μεγάλην καὶ καλὴν ἐκείνην δωρεὰν αὐτῷ δεδώκατε· ἐν ᾗ τίς οὐκ ἂν ἐλεήσειε Διονύσιον, τοιαύτῃ μὲν συμφορᾷ περιπεπτωκότα, ἄνδρα δὲ ἄριστον ἐν τοῖς κινδύνοις γεγενημένον,
25	ἀπιόντα δὲ ἀπὸ τοῦ δικαστηρίου λέγοντα ὅτι δυστυχεστάτην ἐκείνην εἴημεν στρατείαν ἐστρατευμένοι, ἐν ᾗ πολλοὶ μὲν ἡμῶν ἀπέθανον, οἱ δὲ σώσαντες τὰ ὅπλα ὑπὸ τῶν ἀποβαλόντων ψευδομαρτυρίων ἑαλώκασι, κρεῖττον δὲ ἦν αὐτῷ τότε ἀποθανεῖν ἢ οἴκαδ’ ἐλθόντι τοιαύτῃ τύχῃ χρῆσθαι;
26	μὴ τοίνυν ἀκούσαντά τε Θεόμνηστον κακῶς τὰ προσήκοντα ἐλεεῖτε, καὶ ὑβρίζοντι καὶ λέγοντι παρὰ τοὺς νόμους συγγνώμην ἔχετε. τίς γὰρ ἂν ἐμοὶ μείζων ταύτης γένοιτο συμφορά, περὶ τοιούτου πατρὸς οὕτως αἰσχρὰς αἰτίας ἀκηκοότι;
27	ὃς πολλάκις μὲν ἐστρατήγησε, πολλοὺς δὲ καὶ ἄλλους κινδύνους μεθ’ ὑμῶν ἐκινδύνευσε· καὶ οὔτε τοῖς πολεμίοις τὸ ἐκείνου σῶμα ὑποχείριον ἐγένετο, οὔτε τοῖς πολίταις οὐδεμίαν πώποτε ὦφλεν εὐθύνην, ἔτη δὲ γεγονὼς ἑπτὰ καὶ ἑξήκοντα ἐν ὀλιγαρχίᾳ δι’ εὔνοιαν τοῦ ὑμετέρου πλήθους ἀπέθανεν.
28	ἆρ’ ἄξιον ὀργισθῆναι τῷ τοιαῦτ’ εἰρηκότι καὶ βοηθῆσαι τῷ πατρί, ὡς καὶ ἐκείνου κακῶς ἀκηκοότος; τί γὰρ ἂν τούτου ἀνιαρότερον γένοιτο αὐτῷ, ἢ τεθνάναι μὲν ὑπὸ τῶν ἐχθρῶν, αἰτίαν δ’ ἔχειν ὑπὸ τῶν παίδων ἀνῃρῆσθαι ; οὗ ἔτι καὶ νῦν, ὦ ἄνδρες δικασταί, τῆς ἀρετῆς τὰ μνημεῖα πρὸς τοῖς ὑμετέροις ἱεροῖς ἀνάκειται, τὰ δὲ τούτου καὶ τοῦ τούτου πατρὸς τῆς κακίας πρὸς τοῖς τῶν πολεμίων· οὕτω σύμφυτος αὐτοῖς ἡ δειλία.
29	καὶ μὲν δή, ὦ ἄνδρες δικασταί, ὅσῳ μείζους εἰσὶ καὶ νεανίαι τὰς ὄψεις, τοσούτῳ μᾶλλον ὀργῆς ἄξιοί εἰσι. δῆλον γὰρ ὅτι τοῖς μὲν σώμασι δύνανται, τὰς δὲ ψυχὰς οὐκ εὖ ἔχουσιν.
30	ἀκούω δ’ αὐτόν, ὦ ἄνδρες δικασταί, ἐπὶ τοῦτον τὸν λόγον τρέπεσθαι, ὡς ὀργισθεὶς εἴρηκε ταῦτα ἐμοῦ μαρτυρήσαντος τὴν αὐτὴν μαρτυρίαν Διονυσίῳ. ὑμεῖς δ’ ἐνθυμεῖσθε, ὦ ἄνδρες δικασταί, ὅτι ὁ νομοθέτης οὐδεμίαν ὀργῇ συγγνώμην δίδωσιν, ἀλλὰ ζημιοῖ τὸν λέγοντα, ἐὰν μὴ ἀποφαίνῃ ὡς ἔστιν ἀληθῆ τὰ εἰρημένα. ἐγὼ δὲ δὶς ἤδη περὶ τούτου μεμαρτύρηκα· οὐ γὰρ πω ᾔδη ὅτι ὑμεῖς τοὺς μὲν ἰδόντας τιμωρεῖσθε, τοῖς δὲ ἀποβαλοῦσι συγγνώμην ἔχετε.
31	περὶ μὲν οὖν τούτων οὐκ οἶδ’ ὅ τι δεῖ πλείω λέγειν· ἐγὼ δ’ ὑμῶν δέομαι καταψηφίσασθαι Θεομνήστου, ἐνθυμουμένους ὅτι οὐκ ἂν γένοιτο τούτου μείζων ἀγών μοι. νῦν γὰρ διώκω μὲν κακηγορίας, τῇ δ’ αὐτῇ ψήφῳ φόνου φεύγω τοῦ πατρός, ὃς μόνος, ἐπειδὴ τάχιστα ἐδοκιμάσθην, ἐπεξῆλθον τοῖς τριάκοντα ἐν Ἀρείῳ πάγῳ.
32	ὧν μεμνημένοι καὶ ἐμοὶ καὶ τῷ πατρὶ βοηθήσατε καὶ τοῖς νόμοις τοῖς κειμένοις καὶ τοῖς ὅρκοις οἷς ὀμωμόκατε.
