1	1	ἔδησε
1	2	τὸν
1	3	ἵππον
1	4	ἐκ
1	5	τοῦ
1	6	ῥόπτρου
1	7	τοῦ
1	8	ἱεροῦ
1	9	ὡς
1	10	ἀποδιδούς
1	11	,
1	12	τῇ
1	13	δʼ
1	14	ἐπιούσῃ
1	15	ὑφείλετο
1	16	.
1	17	οὗτος
1	18	οὖν
1	19	ὁ
1	20	ταῦτα
1	21	ποιήσας
1	22	θανάτῳ
1	23	τῷ
1	24	ἀλγίστῳ
1	25	ἀπώλετο
1	26	,
1	27	λιμῷ
1	28	·
1	29	πολλῶν
1	30	γὰρ
1	31	καὶ
1	32	ἀγαθῶν
1	33	αὐτῷ
1	34	ἐπὶ
1	35	τὴν
1	36	τράπεζαν
1	37	παρατιθεμένων
1	38	ὄζειν
1	39	ἐδόκει
1	40	τοῦ
1	41	ἄρτου
1	42	καὶ
1	43	τῆς
1	44	μάζης
1	45	κάκιστον
1	46	,
1	47	καὶ
1	48	οὐκ
1	49	ἐδύνατο
1	50	ἐσθίειν
1	51	.
2	1	καὶ
2	2	ταῦτα
2	3	πολλοὶ
2	4	ἡμῶν
2	5	ἤκουον
2	6	τοῦ
2	7	ἱεροφάντου
2	8	λέγοντος
2	9	.
2	10	post
2	11	λέγοντος
2	12	sequuntur
2	13	ὅτι
2	14	Ἀνδοκίδης
2	15	μηνύων
2	16	τοὺς
2	17	αὑτοῦ
2	18	(
2	19	αὐτοῦ
2	20	Χ
2	21	)
2	22	συγγενεῖς
2	23	καὶ
2	24	φίλους
2	25	ἀπώλλυε
2	26	(
2	27	ἀπολλύων
2	28	Χk
2	29	)
2	30	,
2	31	φάσκων
2	32	αὐτοὺς
2	33	συνεργοὺς
2	34	εἶναι
2	35	·
2	36	damnavit
2	37	Reiske
3	1	δίκαιον
3	2	οὖν
3	3	μοι
3	4	δοκεῖ
3	5	εἶναι
3	6	νῦν
3	7	ἐπὶ
3	8	τούτῳ
3	9	τὰ
3	10	τότε
3	11	λεχθέντα
3	12	ἀναμνῆσαι
3	13	,
3	14	καὶ
3	15	μὴ
3	16	μόνον
3	17	τοὺς
3	18	τούτου
3	19	φίλους
3	20	ὑπὸ
3	21	τούτου
3	22	καὶ
3	23	τῶν
3	24	τούτου
3	25	λόγων
3	26	ἀπόλλυσθαι
3	27	,
3	28	ἀλλὰ
3	29	καὶ
3	30	αὐτὸν
3	31	τοῦτον
3	32	ὑφʼ
3	33	ἑτέρου
3	34	.
3	1	ἀδύνατον
3	2	δὲ
3	3	καὶ
3	4	ὑμῖν
3	5	ἐστι
3	6	,
3	7	περὶ
3	8	τοιούτου
3	9	πράγματος
3	10	φέρουσι
3	11	τὴν
3	12	ψῆφον
3	13	,
3	14	ἢ
3	15	κατελεῆσαι
3	16	ἢ
3	17	καταχαρίσασθαι
3	18	Ἀνδοκίδῃ
3	19	,
3	20	ἐπισταμένοις
3	21	ὅτι
3	22	ἐναργῶς
3	23	τὼ
3	24	θεὼ
3	25	τούτω
3	26	τιμωρεῖτον
3	27	τιμωρεῖτον
3	28	Dobree:
3	29	τιμωρεῖτε
3	30	,
3	31	τιμωρεῖται
3	32	MSS
3	33	.
3	34	τοὺς
3	35	ἀδικοῦντας
3	36	·
3	37	ἐλπίσαι
3	38	οὖν
3	39	χρὴ
3	40	πάντα
3	41	ἄνθρωπον
3	42	τ
3	43	αὐτὰταὐτὰ
3	44	Thalheim:
3	45	ὄντα
3	46	MSS
3	47	.
3	48	καὶ
3	49	ἑαυτῷ
3	50	καὶ
3	51	ἑτέρῳ
3	52	ἔσεσθαι
3	53	.
4	1	φέρε
4	2	γάρ
4	3	,
4	4	ἐὰν
4	5	νυνὶ
4	6	Ἀνδοκίδης
4	7	ἀθῷος
4	8	ἀπαλλαγῇ
4	9	διʼ
4	10	διʼ
4	11	add
4	12	.
4	13	Scheibe
4	14	ὑμᾶς
4	15	ἐκ
4	16	τοῦδε
4	17	τοῦ
4	18	ἀγῶνος
4	19	καὶ
4	20	ἔλθῃ
4	21	κληρωσόμενος
4	22	τῶν
4	23	ἐννέα
4	24	ἀρχόντων
4	25	καὶ
4	26	λάχῃ
4	27	βασιλεύς
4	28	,
4	29	ἄλλο
4	30	τι
4	31	ἢ
4	32	ὑπὲρ
4	33	ὑμῶν
4	34	καὶ
4	35	θυσίας
4	36	θύσειθυσίας
4	37	θύσει
4	38	Cobet:
4	39	θυσιάσουσι
4	40	,
4	41	θυσιάσει
4	42	MSS
4	43	.
4	44	καὶ
4	45	εὐχὰς
4	46	εὔξεται
4	47	κατὰ
4	48	τὰ
4	49	πάτρια
4	50	,
4	51	τὰ
4	52	μὲν
4	53	ἐν
4	54	τῷ
4	55	ἐνθάδε
4	56	Ἐλευσινίω
4	57	,
4	58	τὰ
4	59	δὲ
4	60	ἐν
4	61	τῷ
4	62	Ἐλευσῖνι
4	63	ἱερῷ
4	64	,
4	65	καὶ
4	66	τῆς
4	67	ἑορτῆς
4	68	ἐπιμελήσεται
4	69	μυστηρίοις
4	70	,
4	71	ὅπως
4	72	ἂν
4	73	μηδεὶς
4	74	ἀδικῇ
4	75	μη
4	76	δὲ
4	77	ἀσεβῇ
4	78	τὰ
4	79	ἱερά
4	80	;
5	1	καὶ
5	2	τίνα
5	3	γνώμην
5	4	οἴεσθε
5	5	ἕξειν
5	6	τοὺς
5	7	μύστας
5	8	τοὺς
5	9	ἀφικνουμένους
5	10	,
5	11	ἐπειδὰν
5	12	ἴδωσι
5	13	τὸν
5	14	βασιλέα
5	15	ὅστις
5	16	ἐστὶ
5	17	καὶ
5	18	ἀναμνησθῶσι
5	19	πάντα
5	20	τὰ
5	21	ἠσεβημένα
5	22	αὐτῷ
5	23	,
5	24	ἢ
5	25	τοὺς
5	26	ἄλλους
5	27	Ἕλληνας
5	28	,
5	29	οἳ
5	30	ἕνεκα
5	31	ταύτης
5	32	τῆς
5	33	ἑορτῆς
5	34	ἔρχονται
5	35	ἔρχονται
5	36	add
5	37	.
5	38	Reiske
5	39	ἢ
5	40	θύειν
5	41	εἰς
5	42	ταύτην
5	43	τὴν
5	44	πανήγυριν
5	45	βουλόμενοι
5	46	ἢ
5	47	θεωρεῖν
5	48	;
6	1	οὐ
6	2	δὲ
6	3	γὰρ
6	4	ἀγνὼς
6	5	ὁ
6	6	Ἀνδοκίδης
6	7	οὔ
6	8	τε
6	9	τοῖς
6	10	ἔξω
6	11	οὔ
6	12	τε
6	13	τοῖς
6	14	ἐνθάδε
6	15	διὰ
6	16	τὰ
6	17	ἠσεβημένα
6	18	.
6	19	ἀναγκαίως
6	20	γὰρ
6	21	ἔχει
6	22	ἀπὸ
6	23	τῶν
6	24	πολὺ
6	25	διαφερόντων
6	26	ἢ
6	27	κακῶν
6	28	ἢ
6	29	ἀγαθῶν
6	30	ἔργων
6	31	τοὺς
6	32	ποιήσαντας
6	33	γιγνώσκεσθαι
6	34	.
6	35	ἔπειτα
6	36	δὲ
6	37	καὶ
6	38	διώχληκε
6	39	πόλεις
6	40	πολλὰς
6	41	ἐν
6	42	τῇ
6	43	ἀποδημίᾳ
6	44	,
6	45	Σικελίαν
6	46	,
6	47	Ἰταλίαν
6	48	,
6	49	Πελοπόννησον
6	50	,
6	51	Θετταλίαν
6	52	,
6	53	Ἑλλήσποντον
6	54	,
6	55	Ἰωνίαν
6	56	,
6	57	Κύπρον
6	58	·
6	59	βασιλέας
6	60	πολλοὺς
6	61	κεκολάκευκεν
6	62	,
6	63	ᾧ
6	64	ἂν
6	65	συγγένηται
6	66	,
6	67	πλὴν
6	68	τοῦ
6	69	Συρακοσίου
6	70	Διονυσίου
6	71	.
7	1	οὗτος
7	2	δὲ
7	3	ἢ
7	4	πάντων
7	5	εὐτυχέστατός
7	6	ἐστιν
7	7	ἢ
7	8	πλεῖστον
7	9	γνώμῃ
7	10	διαφέρει
7	11	τῶν
7	12	ἄλλων
7	13	,
7	14	ὃς
7	15	μόνος
7	16	τῶν
7	17	συγγενομένων
7	18	Ἀνδοκίδῃ
7	19	οὐκ
7	20	ἐξηπατήθη
7	21	ὑπʼ
7	22	ἀνδρὸς
7	23	τοιούτου
7	24	,
7	25	ὃς
7	26	τέχνην
7	27	ταύτην
7	28	ἔχει
7	29	,
7	30	τοὺς
7	31	μὲν
7	32	ἐχθροὺς
7	33	μηδὲν
7	34	ποιεῖν
7	35	κακόν
7	36	,
7	37	τοὺς
7	38	δὲ
7	39	φίλους
7	40	ὅ
7	41	τι
7	42	ἂν
7	43	δύνηται
7	44	κακόν
7	45	.
7	46	ὥστε
7	47	μὰ
7	48	τὸν
7	49	Δία
7	50	οὐ
7	51	ῥᾴδιόν
7	52	ἐστιν
7	53	ὑμῖν
7	54	αὐτῷ
7	55	οὐδὲν
7	56	χαρισαμένοις
7	57	παρὰ
7	58	τὸ
7	59	δίκαιον
7	60	λαθεῖν
7	61	τοὺς
7	62	Ἕλληνας
7	63	.
8	1	νῦν
8	2	οὖν
8	3	ὑμῖν
8	4	ἐν
8	5	ἀνάγκῃ
8	6	ἐστὶ
8	7	βουλεύσασθαι
8	8	περὶ
8	9	αὐτοῦ
8	10	·
8	11	εὖ
8	12	γὰρ
8	13	ἐπίστασθε
8	14	,
8	15	ὦ
8	16	ἄνδρες
8	17	Ἀθηναῖοι
8	18	,
8	19	ὅτι
8	20	οὐχ
8	21	οἷόν
8	22	τε
8	23	ὑμῖν
8	24	ἐστιν
8	25	ἅμα
8	26	τοῖς
8	27	τε
8	28	νόμοις
8	29	τοῖς
8	30	πατρίοις
8	31	καὶ
8	32	Ἀνδοκίδῃ
8	33	χρῆσθαι
8	34	,
8	35	ἀλλὰ
8	36	δυοῖν
8	37	θάτερον
8	38	,
8	39	ἢ
8	40	τοὺς
8	41	νόμους
8	42	ἐξαλειπτέον
8	43	ἐστὶν
8	44	ἢ
8	45	ἀπαλλακτέον
8	46	τοῦ
8	47	ἀνδρός
8	48	.
9	1	εἰς
9	2	τοσοῦτον
9	3	δὲ
9	4	τόλμης
9	5	ἀφῖκται
9	6	,
9	7	ὥστε
9	8	καὶ
9	9	λέγει
9	10	περὶ
9	11	τοῦ
9	12	νόμου
9	13	,
9	14	ὡς
9	15	καθῄρηται
9	16	ὁ
9	17	περὶ
9	18	αὐτοῦ
9	19	κείμενος
9	20	καὶ
9	21	ἔξεστιν
9	22	αὐτῷ
9	23	ἤδη
9	24	εἰσιέναι
9	25	εἰς
9	26	τὴν
9	27	ἀγορὰν
9	28	καὶ
9	29	εἰς
9	30	τὰ
9	31	ἱερά
9	32	ἂν
9	33	ἔτι
9	34	καὶ
9	35	νῦν
9	36	Ἀθηναίων
9	37	ἐν
9	38	τῷ
9	39	βουλευτηρίῳ
9	40	.
10	1	καίτοι
10	2	Περικλέα
10	3	ποτέ
10	4	φασι
10	5	παραινέσαι
10	6	ὑμῖν
10	7	περὶ
10	8	τῶν
10	9	ἀσεβούντων
10	10	,
10	11	μὴ
10	12	μόνον
10	13	χρῆσθαι
10	14	τοῖς
10	15	γεγραμμένοις
10	16	νόμοις
10	17	περὶ
10	18	αὐτῶν
10	19	,
10	20	ἀλλὰ
10	21	καὶ
10	22	τοῖς
10	23	ἀγράφοις
10	24	,
10	25	καθʼ
10	26	οὓς
10	27	Εὐμολπίδαι
10	28	ἐξηγοῦνται
10	29	,
10	30	οὓς
10	31	οὐδείς
10	32	πω
10	33	κύριος
10	34	ἐγένετο
10	35	καθελεῖν
10	36	οὐ
10	37	δὲ
10	38	ἐτόλμησεν
10	39	ἀντειπεῖν
10	40	,
10	41	οὐ
10	42	δὲ
10	43	αὐτὸν
10	44	τὸν
10	45	θέντα
10	46	ἴσασιν
10	47	·
10	48	ἡγεῖσθαι
10	49	γὰρ
10	50	ἂν
10	51	αὐτοὺς
10	52	οὕτως
10	53	οὐ
10	54	μόνον
10	55	τοῖς
10	56	ἀνθρώποις
10	57	ἀλλὰ
10	58	καὶ
10	59	τοῖς
10	60	θεοῖς
10	61	διδόναι
10	62	δίκην
10	63	.
11	1	Ἀνδοκίδης
11	2	δὲ
11	3	τοσοῦτον
11	4	καταπεφρόνηκε
11	5	τῶν
11	6	θεῶν
11	7	καὶ
11	8	ὧν
11	9	ἐκείνοις
11	10	δεῖ
11	11	τιμωρεῖν
11	12	,
11	13	ὥστε
11	14	πρὶν
11	15	μᾶλλον
11	16	ἢ
11	17	ἧττον
11	18	μᾶλλον
11	19	ἢ
11	20	ἧττον
11	21	del
11	22	.
11	23	Taylor
11	24	ἢ
11	25	ἐπιδεδημηκέναι
11	26	δέκα
11	27	ἡμέρας
11	28	ἐν
11	29	τῇ
11	30	πόλει
11	31	προσεκαλέσατο
11	32	δίκην
11	33	ἀσεβείας
11	34	πρὸς
11	35	τὸν
11	36	βασιλέα
11	37	,
11	38	καὶ
11	39	ἔλαχεν
11	40	Ἀνδοκίδης
11	41	ὢν
11	42	ὢν
11	43	add
11	44	.
11	45	Reiske
11	46	καὶ
11	47	πεποιηκὼς
11	48	ἃ
11	49	οὗτος
11	50	πεποίηκε
11	51	περὶ
11	52	τοὺς
11	53	θεοὺς
11	54	καὶ
11	55	(
11	56	ἵνα
11	57	μᾶλλον
11	58	πρόσσχητε
11	59	τὸν
11	60	νοῦν
11	61	)
11	62	φάσκων
11	63	τὸν
11	64	ἌρχιππονἌρχιππον
11	65	Palmer:
11	66	Ἀρίστιππον
11	67	MSS
11	68	.
11	69	ἀσεβεῖν
11	70	περὶ
11	71	τὸν
11	72	Ἑρμῆν
11	73	τὸν
11	74	αὑτοῦ
11	75	πατρῷον
11	76	.
11	77	ὁ
11	78	δὲ
11	79	Ἄρχιππος
11	80	ἠντεδίκει
11	81	ἦ
11	82	μὴν
11	83	τὸν
11	84	Ἑρμῆν
11	85	ὑγιᾶ
11	86	τε
11	87	καὶ
11	88	ὅλον
11	89	εἶναι
11	90	,
11	91	καὶ
11	92	μηδὲν
11	93	παθεῖν
11	94	ὧνπερ
11	95	οἱ
11	96	ἄλλοι
11	97	Ἑρμαῖ
11	98	·
12	1	ὅμως
12	2	μέντοι
12	3	ἵνα
12	4	μὴ
12	5	ὑπὸ
12	6	τούτου
12	7	τοιούτου
12	8	ὄντος
12	9	πράγματʼ
12	10	ἔχοι
12	11	,
12	12	δοὺς
12	13	ἀργύριον
12	14	ἀπηλλάγη
12	15	.
12	16	καίτοι
12	17	ὁπότε
12	18	οὗτος
12	19	παρʼ
12	20	ἑτέρου
12	21	ἠξίωσε
12	22	δίκην
12	23	ἀσεβείας
12	24	λαβεῖν
12	25	,
12	26	ἦ
12	27	που
12	28	ἑτέρους
12	29	γε
12	30	παρὰ
12	31	τούτου
12	32	λαβεῖν
12	33	δίκαιον
12	34	καὶ
12	35	εὐσεβές
12	36	ἐστιν
12	37	.
13	1	ἀλλὰ
13	2	λέξει
13	3	δεινὸν
13	4	εἶναι
13	5	,
13	6	εἰ
13	7	ὁ
13	8	μὲν
13	9	μηνυτὴς
13	10	τὰ
13	11	ἔσχατα
13	12	πείσεται
13	13	,
13	14	οἱ
13	15	δὲ
13	16	μηνυθέντες
13	17	τῶν
13	18	αὐτῶν
13	19	ὑμῖν
13	20	ἐπίτιμοι
13	21	ὄντες
13	22	μεθέξουσι
13	23	.
13	24	καίτοι
13	25	οὐχ
13	26	ὑπὲρ
13	27	αὑτοῦ
13	28	ἀπολογήσεται
13	29	,
13	30	ἀλλὰ
13	31	καὶ
13	32	τῶν
13	33	ἄλλων
13	34	κατηγορήσει
13	35	.
13	36	τοὺς
13	37	μὲν
13	38	οὖν
13	39	ἄλλους
13	40	οἱ
13	41	ἐπιτάξαντες
13	42	καταδέξασθαι
13	43	ἀδικοῦσι
13	44	καὶ
13	45	τοῦ
13	46	αὐτοῦ
13	47	ἀσεβήματος
13	48	αἴτιοί
13	49	εἰσιν
13	50	·
13	51	εἰ
13	52	δʼ
13	53	ὑμεῖς
13	54	αὐτοκράτορες
13	55	ὄντες
13	56	αὐτοί
13	57	ὅντες
13	58	αὐτοί
13	59	Reiske:
13	60	ἦτε
13	61	καὶ
13	62	.
13	63	ἐστε
13	64	οἱ
13	65	ἀφελόντες
13	66	τὰς
13	67	τιμωρίας
13	68	τῶν
13	69	θεῶν
13	70	,
13	71	ἀλλʼ
13	72	οὐχ
13	73	οὺχ
13	74	add
13	75	.
13	76	Reiske
13	77	οὗτοι
13	78	αἴτιοι
13	79	ἔσονται
13	80	.
13	81	ὑμεῖς
13	82	οὖν
13	83	μὴ
13	84	βούλεσθε
13	85	εἰς
13	86	ὑμᾶς
13	87	τὴν
13	88	αἰτίαν
13	89	ταύτην
13	90	περιτρέψαι
13	91	,
13	92	ἐξὸν
13	93	τὸν
13	94	ἀδικοῦντα
13	95	κολάσασιν
13	96	ἀπηλλάχθαι
13	97	.
14	1	ἔπειτα
14	2	δʼ
14	3	ἐκεῖνοι
14	4	μὲν
14	5	ἀρνοῦνται
14	6	τὰ
14	7	μεμηνυμένα
14	8	,
14	9	οὗτος
14	10	δὲ
14	11	ὁμολογεῖ
14	12	ποιῆσαι
14	13	.
14	14	καίτοι
14	15	καὶ
14	16	ἐν
14	17	Ἀρείῳ
14	18	πάγῳ
14	19	,
14	20	ἐν
14	21	τῷ
14	22	σεμνοτάτῳ
14	23	καὶ
14	24	δικαιοτάτῳ
14	25	δικαστηρίῳ
14	26	,
14	27	ὁμολογῶν
14	28	μὲν
14	29	ἀδικεῖν
14	30	ἀποθνῄσκει
14	31	,
14	32	ἐὰν
14	33	δὲ
14	34	ἀμφισβητῇ
14	35	,
14	36	ἐλέγχεται
14	37	,
14	38	καὶ
14	39	πολλοὶ
14	40	οὐδὲν
14	41	ἔδοξαν
14	42	ἀδικεῖν
14	43	.
14	44	οὔκουν
14	45	ὁμοίαν
14	46	χρὴ
14	47	γνώμην
14	48	ἔχειν
14	49	περί
14	50	τε
14	51	τῶν
14	52	ἀρνουμένων
14	53	καὶ
14	54	περὶ
14	55	τῶν
14	56	ὁμολογούντων
14	57	.
14	58	ὁμολογούντων
14	59	Reiske:
14	60	ὁμολογουμένων
14	61	MSS
14	62	.
15	1	δεινὸν
15	2	δέ
15	3	μοι
15	4	δοκεῖ
15	5	εἶναι
15	6	·
15	7	ἐὰν
15	8	μέν
15	9	τις
15	10	ἀνδρὸς
15	11	σῶμα
15	12	τρώσῃ
15	13	,
15	14	κεφαλὴν
15	15	ἢ
15	16	πρόσωπον
15	17	ἢ
15	18	χεῖρας
15	19	ἢ
15	20	πόδας
15	21	,
15	22	οὗτος
15	23	οὖτος
15	24	Dobree:
15	25	αὐτὸς
15	26	MSS
15	27	.
15	28	μὲν
15	29	κατὰ
15	30	τοὺς
15	31	νόμους
15	32	τοὺς
15	33	ἐξ
15	34	Ἀρείου
15	35	πάγου
15	36	φεύξεται
15	37	τὴν
15	38	τοῦ
15	39	ἀδικηθέντος
15	40	πόλιν
15	41	,
15	42	post
15	43	πόλιν
15	44	in
15	45	libris
15	46	ἢ
15	47	τραύματος
15	48	ἐκ
15	49	προνοίας
15	50	·
15	51	del
15	52	.
15	53	Taylor
15	54	καὶ
15	55	ἐὰν
15	56	κατίῃ
15	57	,
15	58	ἐνδειχθεὶς
15	59	θανάτῳ
15	60	ζημιωθήσεται
15	61	·
15	62	ἐὰν
15	63	δέ
15	64	τις
15	65	τὰ
15	66	αὐτὰ
15	67	ταῦτα
15	68	ἀδικήσῃ
15	69	τὰ
15	70	ἀγάλματα
15	71	τῶν
15	72	θεῶν
15	73	,
15	74	οὐ
15	75	δ’
15	76	αὐτῶν
15	77	κωλύσετε
15	78	τῶν
15	79	ἱερῶν
15	80	ἐπιβαίνειν
15	81	ἢ
15	82	εἰσιόντα
15	83	οὐοὐ
15	84	add
15	85	.
15	86	Aldus
15	87	τιμωρήσεσθε
15	88	;
15	89	καὶ
15	90	μὲν
15	91	δὴ
15	92	τούτων
15	93	καὶ
15	94	δίκαιον
15	95	καὶ
15	96	ἀγαθόν
15	97	ἐστιν
15	98	ἐπιμελεῖσθαι
15	99	,
15	100	ὑφʼ
15	101	ὧν
15	102	καὶ
15	103	εὖ
15	104	καὶ
15	105	κακῶς
15	106	δυνήσεσθε
15	107	πάσχειν
15	108	.
16	1	φασὶ
16	2	δὲ
16	3	καὶ
16	4	τῶν
16	5	Ἑλλήνων
16	6	πολλοὺς
16	7	διὰ
16	8	τὰ
16	9	ἐνθάδε
16	10	ἀσεβήματα
16	11	ἐκ
16	12	τῶν
16	13	παρʼ
16	14	αὐτοῖς
16	15	ἱερῶν
16	16	ἐξείργειν
16	17	.
16	18	ὑμεῖς
16	19	δὲ
16	20	αὐτοὶ
16	21	οἱ
16	22	ἀδικηθέντες
16	23	περὶ
16	24	ἐλάττονος
16	25	ποιεῖσθε
16	26	τὰ
16	27	παρʼ
16	28	ὑμῖν
16	29	νόμιμα
16	30	ἢ
16	31	ἕτεροι
16	32	τὰ
16	33	ὑμέτερα
16	34	.
17	1	τοσοῦτον
17	2	δʼ
17	3	οὗτος
17	4	Διαγόρου
17	5	τοῦ
17	6	Μηλίου
17	7	ἀσεβέστερος
17	8	γεγένηται
17	9	·
17	10	ἐκεῖνος
17	11	μὲν
17	12	γὰρ
17	13	λόγῳ
17	14	περὶ
17	15	τὰ
17	16	ἀλλότρια
17	17	ἱερὰ
17	18	καὶ
17	19	ἑορτὰς
17	20	ἠσέβει
17	21	,
17	22	οὗτος
17	23	δὲ
17	24	ἔργῳ
17	25	περὶ
17	26	τὰτὰ
17	27	Aldus:
17	28	τὰς
17	29	MSS
17	30	.
17	31	ἐν
17	32	τῇ
17	33	αὑτοῦ
17	34	πόλει
17	35	.
17	36	ὀργίζεσθαι
17	37	οὖν
17	38	χρή
17	39	,
17	40	ὦ
17	41	ἄνδρες
17	42	Ἀθηναῖοι
17	43	,
17	44	τοῖς
17	45	ἀστοῖς
17	46	ἀδικοῦσι
17	47	μᾶλλον
17	48	ἢ
17	49	τοῖς
17	50	ξένοις
17	51	περὶ
17	52	ταῦτα
17	53	τὰ
17	54	ἱερά
17	55	·
17	56	τὸ
17	57	μὲν
17	58	γὰρ
17	59	ὥσπερ
17	60	ἀλλότριόν
17	61	ἐστιν
17	62	ἁμάρτημα
17	63	,
17	64	τὸ
17	65	δʼ
17	66	οἰκεῖον
17	67	.
18	1	καὶ
18	2	μὴ
18	3	οὓς
18	4	μὲν
18	5	ἔχετε
18	6	ἀδικοῦντας
18	7	ἀφίετε
18	8	,
18	9	τοὺς
18	10	δὲ
18	11	φεύγοντας
18	12	ζητεῖτε
18	13	συλλαμβάνειν
18	14	,
18	15	ἐπικηρύττοντες
18	16	τάλαντον
18	17	ἀργυρίου
18	18	δώσειν
18	19	τῷ
18	20	ἀπάγοντι
18	21	ἢ
18	22	ἀποκτείναντι
18	23	.
18	24	εἰ
18	25	δὲ
18	26	μή
18	27	,
18	28	δόξετε
18	29	τοῖς
18	30	Ἕλλησι
18	31	κομπάζειν
18	32	μᾶλλον
18	33	ἢ
18	34	τιμωρεῖσθαι
18	35	βούλεσθαι
18	36	.
19	1	ἐπεδείξατο
19	2	δὲ
19	3	καὶ
19	4	τοῖς
19	5	Ἕλλησιν
19	6	ὅτι
19	7	θεοὺς
19	8	οὐ
19	9	νομίζει
19	10	.
19	11	οὐ
19	12	γὰρ
19	13	ὡς
19	14	δεδιὼς
19	15	τὰ
19	16	πεποιημένα
19	17	,
19	18	ἀλλʼ
19	19	ὡς
19	20	θαρρῶν
19	21	,
19	22	ναυκληρίᾳ
19	23	ἐπιθέμενος
19	24	τὴν
19	25	θάλατταν
19	26	ἔπλει
19	27	.
19	28	ὁ
19	29	δὲ
19	30	θεὸς
19	31	ὑπῆγεν
19	32	αὐτόν
19	33	,
19	34	ἵνα
19	35	ἀφικόμενος
19	36	εἰς
19	37	τὰ
19	38	ἁμαρτήματα
19	39	ἐπὶ
19	40	τῇ
19	41	ἐμῇ
19	42	προφάσει
19	43	δοίη
19	44	δίκην
19	45	.
20	1	ἐλπίζω
20	2	μὲν
20	3	οὖν
20	4	αὐτὸν
20	5	καὶ
20	6	δώσειν
20	7	δίκην
20	8	,
20	9	θαυμάσιον
20	10	δὲ
20	11	οὐδὲν
20	12	ἄν
20	13	μοι
20	14	γένοιτο
20	15	,
20	16	οὔ
20	17	τε
20	18	γὰρ
20	19	ὁ
20	20	θεὸς
20	21	παραχρῆμα
20	22	κολάζει
20	23	ἀλλʼ
20	24	αὕτη
20	25	μέν
20	26	ἐστιν
20	27	ἀνθρωπίνη
20	28	δίκηἀλλʼ
20	29	δίκηἀλλʼ
20	30	del
20	31	.
20	32	Halbertsman
20	33	·
20	34	πολλαχόθεν
20	35	δὲ
20	36	ἔχω
20	37	τεκμαιρόμενος
20	38	εἰκάζειν
20	39	,
20	40	ὁρῶν
20	41	καὶ
20	42	ἑτέρους
20	43	ἠσεβηκότας
20	44	χρόνω
20	45	δεδωκότας
20	46	δίκην
20	47	,
20	48	καὶ
20	49	τοὺς
20	50	ἐξ
20	51	ἐκείνων
20	52	διὰ
20	53	τὰ
20	54	τῶν
20	55	προγόνων
20	56	ἁμαρτήματα
20	57	·
20	58	ἐν
20	59	δὲ
20	60	τούτω
20	61	τῷ
20	62	χρόνῳ
20	63	δέῃ
20	64	πολλὰ
20	65	καὶ
20	66	κινδύνους
20	67	ὁ
20	68	θεὸς
20	69	ἐπιπέμπει
20	70	τοῖς
20	71	ἀδικοῦσιν
20	72	,
20	73	ὥστε
20	74	πολλοὺς
20	75	ἤδη
20	76	ἐπιθυμῆσαι
20	77	τελευτήσαντας
20	78	τῶν
20	79	κακῶν
20	80	ἀπηλλάχθαι
20	81	.
20	82	ὁ
20	83	δὲ
20	84	θεὸς
20	85	τέλος
20	86	τούτῳ
20	87	λυμηνάμενος
20	88	τῷ
20	89	βίῳ
20	90	θάνατον
20	91	ἐπέθηκε
20	92	.
21	1	σκέψασθε
21	2	δὲ
21	3	καὶ
21	4	αὐτοῦ
21	5	Ἀνδοκίδου
21	6	τὸν
21	7	βίον
21	8	,
21	9	ἀφʼ
21	10	οὗ
21	11	ἠσέβηκε
21	12	,
21	13	καὶ
21	14	εἴ
21	15	τις
21	16	τοιοῦτος
21	17	ἕτερός
21	18	ἐστιν
21	19	.
21	20	Ἀνδοκίδης
21	21	γὰρ
21	22	ἐπειδὴ
21	23	ἥμαρτεν
21	24	,
21	25	ἐξ
21	26	ἐπιβολῆςἐπιβολῆς
21	27	Taylor:
21	28	ἐπιβουλῆς
21	29	MSS
21	30	.
21	31	εἰσαχθεὶς
21	32	εἰς
21	33	τὸ
21	34	δικαστήριον
21	35	,
21	36	ἔδησενἔδησεν
21	37	Stephanus:
21	38	ἐδέησεν
21	39	MSS
21	40	.
21	41	ἑαυτὸν
21	42	τιμησάμενος
21	43	δεσμοῦ
21	44	,
21	45	εἰ
21	46	μὴ
21	47	παραδοίη
21	48	τὸν
21	49	ἀκόλουθον
21	50	·
21	51	εὖ
21	52	δʼ
21	53	ἤδει
21	54	οὐ
21	55	δυνησόμενος
21	56	παραδοῦναι
21	57	,
22	1	ὃς
22	2	διὰ
22	3	τοῦτον
22	4	καὶ
22	5	τὰ
22	6	τούτου
22	7	ἁμαρτήματα
22	8	ἀπέθανεν
22	9	,
22	10	ἵνα
22	11	μὴμὴ
22	12	add
22	13	.
22	14	Stephanus
22	15	μηνυτὴς
22	16	γένοιτο
22	17	.
22	18	καίτοι
22	19	πῶς
22	20	οὐ
22	21	θεῶν
22	22	τις
22	23	τὴν
22	24	τούτου
22	25	γνώμην
22	26	διέφθειρεν
22	27	,
22	28	ὃς
22	29	ῥᾷον
22	30	ἡγήσατο
22	31	δεσμοῦ
22	32	τιμήσασθαι
22	33	ἢ
22	34	ἀργυρίουἢ
22	35	ἀργυρίου
22	36	Taylor:
22	37	μαρτυρίου
22	38	MSS
22	39	.
22	40	ἐπʼ
22	41	ἐλπίδι
22	42	τῇ
22	43	αὐτῇ
22	44	;
23	1	ἐκ
23	2	δʼ
23	3	οὖν
23	4	τούτου
23	5	τοῦ
23	6	τιμήματος
23	7	ἐδέδετο
23	8	ἐγγὺς
23	9	ἐνιαυτόν
23	10	,
23	11	καὶ
23	12	ἐμήνυσε
23	13	δεδεμένος
23	14	κατὰ
23	15	τῶν
23	16	αὑτοῦ
23	17	συγγενῶν
23	18	καὶ
23	19	φίλων
23	20	,
23	21	ἀδείας
23	22	δοθείσης
23	23	αὐτῷ
23	24	,
23	25	εἰ
23	26	δόξειε
23	27	τ
23	28	ἀληθῆ
23	29	μηνῦσαι
23	30	.
23	31	καὶ
23	32	τίνα
23	33	αὐτὸν
23	34	δοκεῖτε
23	35	ψυχὴν
23	36	ἔχειν
23	37	,
23	38	ὁπότε
23	39	τὰ
23	40	μὲν
23	41	ἔσχατα
23	42	καὶ
23	43	τὰ
23	44	αἴσχιστα
23	45	ἐποίει
23	46	μηνύων
23	47	κατὰ
23	48	τῶν
23	49	ἑαυτοῦ
23	50	φίλων
23	51	,
23	52	ἡ
23	53	δὲ
23	54	σωτηρία
23	55	ἀφανὴς
23	56	αὐτῷ
23	57	;
24	1	μετὰ
24	2	δὲ
24	3	ταῦτα
24	4	,
24	5	ἐπειδὴ
24	6	ἀπεκτονὼς
24	7	ἦν
24	8	οὓς
24	9	αὐτὸς
24	10	ἔφη
24	11	περὶ
24	12	πλείστου
24	13	ποιεῖσθαι
24	14	,
24	15	ἔδοξε
24	16	τ
24	17	ἀληθῆ
24	18	μηνῦσαι
24	19	καὶ
24	20	ἐλύθη
24	21	,
24	22	καὶ
24	23	προσεψηφίσασθε
24	24	ὑμεῖς
24	25	αὐτὸν
24	26	εἴργεσθαι
24	27	τῆς
24	28	ἀγορᾶς
24	29	καὶ
24	30	τῶν
24	31	ἱερῶν
24	32	,
24	33	ὥστε
24	34	μηδʼ
24	35	ἀδικούμενον
24	36	ὑπὸ
24	37	τῶν
24	38	ἐχθρῶν
24	39	δύνασθαι
24	40	δίκην
24	41	λαβεῖν
24	42	.
25	1	οὐδεὶς
25	2	γάρ
25	3	πω
25	4	,
25	5	πω
25	6	Reiske:
25	7	που
25	8	MSS
25	9	.
25	10	ἐξ
25	11	ὅσου
25	12	ἈθῆναιἈθῆναι
25	13	Bekker:
25	14	Ἀθηναίων
25	15	MSS
25	16	.
25	17	ἀείμνηστοί
25	18	εἰσιν
25	19	,
25	20	ἐπὶ
25	21	τοιαύτῃ
25	22	αἰτίᾳ
25	23	ἠτιμώθη
25	24	.
25	25	δικαίως
25	26	·
25	27	οὐ
25	28	δὲ
25	29	γὰρ
25	30	ἔργα
25	31	τοιαῦτα
25	32	οὐδείς
25	33	πω
25	34	εἰργάσατο
25	35	.
25	36	καὶ
25	37	τούτων
25	38	πότερα
25	39	τοὺς
25	40	θεοὺς
25	41	χρὴ
25	42	ἢ
25	43	τὸ
25	44	αὐτόματον
25	45	αἰτιᾶσθαι
25	46	;
26	1	μετὰ
26	2	δὲ
26	3	ταῦτα
26	4	ἔπλευσεν
26	5	ὡς
26	6	τὸν
26	7	Κιτιῶν
26	8	βασιλέα
26	9	,
26	10	καὶ
26	11	προδιδοὺς
26	12	ληφθεὶς
26	13	ὑπʼ
26	14	αὐτοῦ
26	15	ἐδέθη
26	16	,
26	17	καὶ
26	18	οὐ
26	19	μόνον
26	20	τὸν
26	21	θάνατον
26	22	ἐφοβεῖτο
26	23	ἀλλὰ
26	24	καὶ
26	25	τὰ
26	26	καθʼ
26	27	ἡμέραν
26	28	αἰκίσματα
26	29	,
26	30	οἰόμενος
26	31	τὰ
26	32	ἀκρωτήρια
26	33	ζῶντος
26	34	ἀποτμηθήσεσθαι
26	35	.
27	1	ἀποδρὰς
27	2	δὲ
27	3	ἐκ
27	4	τούτου
27	5	τοῦ
27	6	κινδύνου
27	7	κατέπλευσεν
27	8	εἰς
27	9	τὴν
27	10	ἑαυτοῦ
27	11	πόλιν
27	12	ἐπὶἐπὶ
27	13	Taylor:
27	14	ἐπεὶ
27	15	MSS
27	16	.
27	17	τῶν
27	18	τετρακοσίων
27	19	·
27	20	τοσαύτην
27	21	γὰρ
27	22	ὁγὰρ
27	23	add
27	24	.
27	25	Taylor
27	26	,
27	27	τοσαύτην
27	28	ετ
27	29	ὁ
27	30	Markland
27	31	θεὸς
27	32	λήθην
27	33	ἔδωκεν
27	34	,
27	35	ὥστε
27	36	εἰς
27	37	τοὺς
27	38	ἠδικημένους
27	39	αὐτοὺς
27	40	ἐπεθύμησεν
27	41	ἀφικέσθαι
27	42	.
27	43	ἀφικόμενος
27	44	δὲ
27	45	ἐδέθη
27	46	καὶ
27	47	ᾐκίσθη
27	48	,
27	49	ἀπώλετο
27	50	δὲ
27	51	οὐχί
27	52	,
27	53	ἀλλʼ
27	54	ἐλύθη
27	55	.
28	1	ἔνθεν
28	2	δὲ
28	3	ἔπλευσεν
28	4	ὡς
28	5	Εὐαγόραν
28	6	τὸν
28	7	Κύπρου
28	8	βασιλεύοντα
28	9	,
28	10	καὶ
28	11	ἀδικήσας
28	12	εἵρχθη
28	13	.
28	14	ἀποδρὰς
28	15	δὲ
28	16	καὶἀποδρὰς
28	17	δὲ
28	18	καὶ
28	19	Reiske:
28	20	ἀποδράσας
28	21	MSS
28	22	.
28	23	τοῦτον
28	24	ἔφευγε
28	25	μὲν
28	26	τοὺς
28	27	ἐνθάδε
28	28	θεούς
28	29	,
28	30	ἔφευγε
28	31	δὲ
28	32	τὴν
28	33	ἑαυτοῦ
28	34	πόλιν
28	35	,
28	36	ἔφευγε
28	37	δὲ
28	38	εἰς
28	39	οὓς
28	40	τὸ
28	41	πρῶτον
28	42	ἀφίκοιτο
28	43	τόπους
28	44	.
28	45	καίτοι
28	46	τίς
28	47	χάρις
28	48	τῷ
28	49	βίω
28	50	,
28	51	κακοπαθεῖν
28	52	μὲν
28	53	πολλάκις
28	54	,
28	55	ἀναπαύσασθαι
28	56	δὲ
28	57	μηδέποτε
28	58	;
29	1	καταπλεύσας
29	2	δὲ
29	3	ἐκεῖθεν
29	4	δεῦρο
29	5	εἰς
29	6	δημοκρατίαν
29	7	εἰς
29	8	τὴν
29	9	αὑτοῦ
29	10	πόλινεἰς
29	11	πόλιν
29	12	del
29	13	.
29	14	Dobree
29	15	τοῖς
29	16	μὲν
29	17	πρυτάνεσιν
29	18	ἔδωκε
29	19	χρήματα
29	20	,
29	21	ἵνα
29	22	αὐτὸν
29	23	προσαγάγοιεν
29	24	ἐνθάδε
29	25	,
29	26	ὑμεῖς
29	27	δʼ
29	28	αὐτὸν
29	29	ἐξηλάσατε
29	30	ἐκ
29	31	τῆς
29	32	πόλεως
29	33	,
29	34	τοῖς
29	35	θεοῖς
29	36	βεβαιοῦντες
29	37	τοὺς
29	38	νόμους
29	39	οὓς
29	40	ἐψηφίσασθε
29	41	.
30	1	καὶ
30	2	τὸν
30	3	ἄνδρα
30	4	οὐ
30	5	δῆμος
30	6	,
30	7	οὐκ
30	8	ὀλιγαρχία
30	9	,
30	10	οὐ
30	11	τύραννος
30	12	,
30	13	οὐ
30	14	πόλις
30	15	ἐθέλει
30	16	δέξασθαι
30	17	διὰ
30	18	τέλους
30	19	,
30	20	ἀλλὰ
30	21	πάντα
30	22	τὸν
30	23	χρόνον
30	24	,
30	25	ἐξ
30	26	ὅσου
30	27	ἠσέβησεν
30	28	,
30	29	ἀλώμενος
30	30	διάγει
30	31	,
30	32	πιστεύων
30	33	ἀεὶ
30	34	μᾶλλον
30	35	τοῖς
30	36	ἀγνῶσι
30	37	τῶν
30	38	γνωρίμων
30	39	διὰ
30	40	τὸ
30	41	ἠδικηκέναι
30	42	οὓς
30	43	γιγνώσκει
30	44	.
30	45	τὸ
30	46	δὲ
30	47	τελευταῖον
30	48	νῦν
30	49	ἀφικόμενος
30	50	εἰς
30	51	τὴν
30	52	πόλιν
30	53	δὶς
30	54	ἐν
30	55	τῷ
30	56	αὐτῷ
30	57	ἐνδέδεικται
30	58	.
31	1	καὶ
31	2	τὸ
31	3	μὲν
31	4	σῶμα
31	5	ἀεὶ
31	6	ἐν
31	7	δεσμοῖς
31	8	ἔχει
31	9	,
31	10	ἡ
31	11	δὲ
31	12	οὐσία
31	13	αὐτοῦ
31	14	ἐλάττων
31	15	ἐκ
31	16	τῶν
31	17	κινδύνων
31	18	γίγνεται
31	19	.
31	20	καίτοικαίτοι
31	21	Markland:
31	22	καὶ
31	23	MSS
31	24	.
31	25	ὅταν
31	26	τις
31	27	τὸν
31	28	αὑτοῦ
31	29	βίον
31	30	τοῖς
31	31	ἐχθροῖς
31	32	καὶ
31	33	τοῖς
31	34	συκοφάνταις
31	35	διανέμῃ
31	36	,
31	37	τοῦτʼ
31	38	ἔστι
31	39	τὸ
31	40	ζῆνζῆν
31	41	Cobet:
31	42	τὸν
31	43	MSS
31	44	.
31	45	βίον
31	46	ἀβίωτον
31	47	.
31	48	ἃ
31	49	τούτῳ
31	50	ὁ
31	51	θεὸς
31	52	οὐκ
31	53	ἐπὶ
31	54	σωτηρία
31	55	ἐπινοεῖν
31	56	δίδωσιν
31	57	,
31	58	ἀλλὰ
31	59	τιμωρούμενος
31	60	τῶν
31	61	γεγενημένων
31	62	ἀσεβημάτων
31	63	.
32	1	τὸ
32	2	δὲ
32	3	τελευταῖον
32	4	νυνὶ
32	5	παραδέδωκεν
32	6	αὑτὸν
32	7	ὑμῖν
32	8	χρῆσθαι
32	9	ὅ
32	10	τι
32	11	ἂν
32	12	βούλησθε
32	13	,
32	14	οὐ
32	15	τῷ
32	16	μὴ
32	17	ἀδικεῖν
32	18	πιστεύων
32	19	,
32	20	ἀλλʼ
32	21	ὑπὸ
32	22	δαιμονίου
32	23	τινὸς
32	24	ἀγόμενος
32	25	ἀνάγκης
32	26	.
32	27	οὔκουν
32	28	χρὴ
32	29	μὰ
32	30	τὸν
32	31	Δία
32	32	οὔ
32	33	τε
32	34	πρεσβύτερον
32	35	ὄντα
32	36	οὔ
32	37	τε
32	38	νεώτερον
32	39	,
32	40	ὁρῶντας
32	41	Ἀνδοκίδην
32	42	ἐκ
32	43	τῶν
32	44	κινδύνων
32	45	σῳζόμενον
32	46	,
32	47	συνειδότας
32	48	αὐτῷ
32	49	ἔργα
32	50	ἀνόσια
32	51	εἰργασμένῳ
32	52	,
32	53	ἀθεωτέρους
32	54	γίγνεσθαι
32	55	,
32	56	ἐνθυμουμένους
32	57	ὅτι
32	58	ἥμισυς
32	59	ὁ
32	60	βίος
32	61	βιῶναι
32	62	κρείττων
32	63	ἀλύπως
32	64	ἐστὶν
32	65	ἢ
32	66	διπλάσιος
32	67	λυπουμένῳ
32	68	,
32	69	ὥσπερ
32	70	οὗτος
32	71	.
33	1	εἰς
33	2	τοσοῦτον
33	3	δὲ
33	4	ἀναισχυντίας
33	5	ἀφῖκται
33	6	,
33	7	ὥστε
33	8	καὶ
33	9	παρασκευάζεται
33	10	τὰ
33	11	πολιτικὰ
33	12	πράττειντὰ
33	13	πολιτικὰ
33	14	πράττειν
33	15	Valckenaer:
33	16	τῆ
33	17	πόλει
33	18	καὶ
33	19	πράττει
33	20	MSS
33	21	.
33	22	καὶ
33	23	ἤδη
33	24	δημηγορεῖ
33	25	καὶ
33	26	ἐπιτιμᾷ
33	27	καὶ
33	28	ἀποδοκιμάζει
33	29	τῶν
33	30	ἀρχόντων
33	31	τισί
33	32	.
33	33	καὶ
33	34	συμβουλεύει
33	35	τὴν
33	36	βουλὴν
33	37	εἰσιὼν
33	38	περὶ
33	39	θυσιῶν
33	40	καὶ
33	41	προσόδων
33	42	καὶ
33	43	εὐχῶν
33	44	καὶ
33	45	μαντειῶν
33	46	.
33	47	καίτοι
33	48	τούτῳ
33	49	πειθόμενοι
33	50	ποίοις
33	51	θεοῖς
33	52	ἡγήσεσθε
33	53	κεχαρισμένα
33	54	ποιεῖν
33	55	;
33	56	μὴ
33	57	γὰρ
33	58	οἴεσθε
33	59	,
33	60	ὦ
33	61	ἄνδρες
33	62	δικασταί
33	63	,
33	64	εἰ
33	65	ὑμεῖς
33	66	βούλεσθε
33	67	τὰ
33	68	τούτῳ
33	69	πεποιημένα
33	70	ἐπιλαθέσθαι
33	71	,
33	72	καὶ
33	73	τοὺς
33	74	θεοὺς
33	75	ἐπιλήσεσθαι
33	76	.
34	1	ἀξιοῖ
34	2	δὲ
34	3	οὐχ
34	4	ὡς
34	5	ἠδικηκὼς
34	6	ἡσυχίαν
34	7	ἔχων
34	8	πολιτεύεσθαι
34	9	,
34	10	ἀλλʼ
34	11	ὥσπερ
34	12	αὐτὸς
34	13	ἐξευρὼν
34	14	τοὺς
34	15	τὴν
34	16	πόλιν
34	17	ἀδικήσαντας
34	18	,
34	19	οὕτω
34	20	διανοεῖται
34	21	,
34	22	καὶ
34	23	παρασκευάζεται
34	24	ὅπως
34	25	ἑτέρωνἑτέρων
34	26	Contius:
34	27	ἑτέρους
34	28	,
34	29	ἑτέρως
34	30	MSS
34	31	.
34	32	μεῖζον
34	33	δυνήσεται
34	34	,
34	35	ὥσπερ
34	36	οὐ
34	37	διὰ
34	38	πρᾳότητα
34	39	καὶ
34	40	ἀσχολίαν
34	41	τὴν
34	42	ὑμετέραν
34	43	οὐ
34	44	δεδωκὼς
34	45	ὑμῖν
34	46	δίκην
34	47	,
34	48	εἰς
34	49	οὓς
34	50	νῦν
34	51	ἁμαρτάνων
34	52	οὐ
34	53	λανθάνει
34	54	,
34	55	ἀλλʼ
34	56	ἅμα
34	57	ἐξελεγχθήσεταί
34	58	τε
34	59	καὶ
34	60	δώσει
34	61	δίκην
34	62	.
35	1	ἰσχυριεῖται
35	2	δὲ
35	3	καὶ
35	4	τούτῳ
35	5	τῷ
35	6	λόγῳ
35	7	.
35	8	ἀναγκαίως
35	9	γὰρ
35	10	ἔχειἔχει
35	11	Franz:
35	12	ἔχω
35	13	MSS
35	14	.
35	15	ὑμᾶς
35	16	διδάσκειν
35	17	ἃ
35	18	οὗτος
35	19	ἀπολογήσεται
35	20	,
35	21	ἵνʼ
35	22	ἀκούσαντες
35	23	παρʼ
35	24	ἀμφοτέρων
35	25	ἄμεινον
35	26	διαγνῶτε
35	27	.
35	28	φησὶ
35	29	γὰρ
35	30	ἀγαθὰ
35	31	μεγάλα
35	32	ποιῆσαι
35	33	τὴν
35	34	πόλιν
35	35	μηνύσας
35	36	καὶ
35	37	ἀπαλλάξας
35	38	δέους
35	39	καὶ
35	40	ταραχῆς
35	41	τῆς
35	42	τότε
35	43	.
35	44	τίς
35	45	δὲ
35	46	τῶν
35	47	μεγάλων
35	48	κακῶν
35	49	αἴτιος
35	50	ἐγένετο
35	51	;
36	1	οὐκ
36	2	αὐτὸς
36	3	οὗτος
36	4	,
36	5	ποιήσας
36	6	ἃ
36	7	ἐποίησεν
36	8	;
36	9	εἶτα
36	10	τῶν
36	11	μὲν
36	12	ἀγαθῶν
36	13	δεῖ
36	14	τούτῳ
36	15	χάριν
36	16	εἰδέναι
36	17	,
36	18	ὅτι
36	19	ἐμήνυσε
36	20	,
36	21	μισθὸν
36	22	ὑμῶν
36	23	αὐτῷ
36	24	διδόντων
36	25	τὴν
36	26	ἄδειαν
36	27	,
36	28	τῆς
36	29	δὲ
36	30	ταραχῆς
36	31	δὲ
36	32	ταραχῆς
36	33	Schott:
36	34	δʼ
36	35	ἀρχῆς
36	36	.
36	37	καὶ
36	38	τῶν
36	39	κακῶν
36	40	ὑμεῖς
36	41	αἴτιοί
36	42	ἐστε
36	43	,
36	44	ὅτι
36	45	ἐζητεῖτε
36	46	τοὺς
36	47	ἠσεβηκότας
36	48	;
36	49	οὐ
36	50	δήπουθεν
36	51	,
36	52	ἀλλʼ
36	53	αὐτὸ
36	54	τούτου
36	55	τ
36	56	οὐναντίον
36	57	ἐτάραξε
36	58	μὲν
36	59	οὗτος
36	60	τὴν
36	61	πόλιν
36	62	,
36	63	κατεστήσατε
36	64	δʼ
36	65	ὑμεῖς
36	66	.
37	1	πυνθάνομαι
37	2	δʼ
37	3	αὐτὸν
37	4	μέλλειν
37	5	ἀπολογήσεσθαι
37	6	ὡς
37	7	αἱ
37	8	συνθῆκαι
37	9	καὶ
37	10	αὐτῷ
37	11	εἰσι
37	12	,
37	13	καθάπερ
37	14	καὶ
37	15	τοῖς
37	16	ἄλλοις
37	17	Ἀθηναίοις
37	18	.
37	19	καὶ
37	20	τοῦτο
37	21	πρόσχημα
37	22	ποιούμενος
37	23	οἴεται
37	24	πολλοὺς
37	25	ὑμῶν
37	26	,
37	27	δεδιότας
37	28	μὴ
37	29	λύσητε
37	30	τὰς
37	31	συνθήκας
37	32	,
37	33	αὐτοῦ
37	34	ἀποψηφιεῖσθαι
37	35	.
38	1	ὡς
38	2	οὖν
38	3	οὐδὲν
38	4	προσήκει
38	5	Ἀνδοκίδῃ
38	6	τῶν
38	7	συνθηκῶν
38	8	,
38	9	περὶ
38	10	τούτου
38	11	λέξω
38	12	,
38	13	οὔ
38	14	τε
38	15	μὰ
38	16	τὸν
38	17	Δία
38	18	τῶν
38	19	πρὸς
38	20	Λακεδαιμονίους
38	21	,
38	22	ἃς
38	23	ὑμεῖς
38	24	συνέθεσθε
38	25	,
38	26	οὔ
38	27	τε
38	28	ὧν
38	29	ὧν
38	30	Reiske:
38	31	τῶν
38	32	MSS
38	33	.
38	34	πρὸς
38	35	τοὺς
38	36	ἐν
38	37	τῷτῷ
38	38	del
38	39	.
38	40	Pertz
38	41	ἄστει
38	42	οἱ
38	43	ἐκ
38	44	Πειραιῶς
38	45	.
38	46	οὐδενὶ
38	47	γὰρ
38	48	ἡμῶν
38	49	τοσούτων
38	50	ὄντων
38	51	τὰ
38	52	αὐτὰ
38	53	ἁμαρτήματα
38	54	οὐ
38	55	δ’
38	56	ὅμοια
38	57	ἦν
38	58	τοῖς
38	59	Ἀνδοκίδου
38	60	,
38	61	ὥστε
38	62	καὶ
38	63	τοῦτον
38	64	ἡμῶν
38	65	ἀπολαῦσαι
38	66	.
39	1	ἀλλʼ
39	2	οὐ
39	3	μὲν
39	4	δὴ
39	5	ἕνεκά
39	6	γε
39	7	τούτου
39	8	διαφερόμενοι
39	9	,
39	10	ἐπειδὴ
39	11	καὶ
39	12	τούτῳ
39	13	μετέδομεν
39	14	τῶν
39	15	συνθηκῶν
39	16	,
39	17	τότε
39	18	διηλλάγημεν
39	19	.
39	20	οὐ
39	21	γὰρ
39	22	ἕνεκα
39	23	ἑνὸς
39	24	ἀνδρὸς
39	25	ἀλλʼ
39	26	ἕνεκα
39	27	ἡμῶν
39	28	τῶν
39	29	ἐξ
39	30	ἄστεως
39	31	καὶ
39	32	ἐκ
39	33	Πειραιῶς
39	34	αἱ
39	35	συνθῆκαι
39	36	ἐγένοντο
39	37	καὶ
39	38	οἱ
39	39	ὅρκοι
39	40	,
39	41	ἐπεί
39	42	τοι
39	43	δεινὸν
39	44	ἂν
39	45	εἴη
39	46	,
39	47	εἰ
39	48	περὶ
39	49	Ἀνδοκίδου
39	50	ἀποδημοῦντος
39	51	αὐτοὶ
39	52	ἐνδεεῖς
39	53	ὄντες
39	54	ἐπεμελήθημεν
39	55	,
39	56	ὅπως
39	57	ἐξαλειφθείη
39	58	αὐτῷ
39	59	τὰ
39	60	ἁμαρτήματα
39	61	.
40	1	ἀλλὰ
40	2	Λακεδαιμονίοι
40	3	γὰρ
40	4	ἐν
40	5	ταῖς
40	6	πρὸς
40	7	αὐτοὺς
40	8	συνθήκαις
40	9	ἐπεμελήθησαν
40	10	Ἀνδοκίδου
40	11	,
40	12	ὅτι
40	13	ἔπαθον
40	14	ἀγαθόν
40	15	τι
40	16	ὑπʼ
40	17	αὐτοῦ
40	18	·
40	19	ἀλλʼ
40	20	ὑμεῖς
40	21	ἐπεμελήθητέ
40	22	γε
40	23	αὐτοῦ
40	24	;
40	25	ἀντὶ
40	26	ποίας
40	27	εὐεργεσίας
40	28	;
40	29	ὅτι
40	30	πολλάκις
40	31	διʼ
40	32	ὑμᾶς
40	33	ὑπὲρ
40	34	τῆς
40	35	πόλεως
40	36	ἐκινδύνευσεν
40	37	;
41	1	οὐκ
41	2	ἔστιν
41	3	,
41	4	ὦ
41	5	ἄνδρες
41	6	Ἀθηναῖοι
41	7	,
41	8	τούτῳ
41	9	ἀληθὴς
41	10	αὕτη
41	11	ἡ
41	12	ἀπολογία
41	13	,
41	14	μηδʼ
41	15	ὑμεῖς
41	16	ἐξαπατᾶσθε
41	17	.
41	18	οὐ
41	19	γὰρ
41	20	τοῦτο
41	21	λύειν
41	22	ἐστὶ
41	23	τὰ
41	24	συγκείμενα
41	25	,
41	26	εἰ
41	27	Ἀνδοκίδης
41	28	ἕνεκα
41	29	τῶν
41	30	ἰδίων
41	31	ἁμαρτημάτων
41	32	δίδωσι
41	33	δίκην
41	34	,
41	35	ἀλλʼ
41	36	ἐάν
41	37	τις
41	38	ἕνεκα
41	39	τῶν
41	40	δημοσίων
41	41	συμφορῶν
41	42	ἰδία
41	43	τινὰ
41	44	τιμωρῆται
41	45	.
42	1	ἴσως
42	2	οὖν
42	3	καὶ
42	4	Κηφισίου
42	5	ἀντικατηγορήσει
42	6	,
42	7	καὶ
42	8	ἕξει
42	9	ὅ
42	10	τι
42	11	λέγῃ
42	12	·
42	13	τὰ
42	14	γὰρ
42	15	ἀληθῆ
42	16	χρὴ
42	17	λέγειν
42	18	.
42	19	ἀλλʼ
42	20	ὑμεῖς
42	21	οὐκ
42	22	ἂν
42	23	δύναισθε
42	24	τῇ
42	25	αὐτῇ
42	26	ψήφῳ
42	27	τόν
42	28	τε
42	29	ἀπολογούμενον
42	30	καὶ
42	31	τὸν
42	32	κατηγοροῦντα
42	33	κολάσαι
42	34	.
42	35	ἀλλὰ
42	36	νῦν
42	37	μὲν
42	38	περὶ
42	39	τούτου
42	40	καιρός
42	41	ἐστι
42	42	γνῶναι
42	43	τὰ
42	44	δίκαια
42	45	,
42	46	ἕτερος
42	47	δὲ
42	48	ἥξει
42	49	Κηφισίῳ
42	50	καὶ
42	51	ἡμῶν
42	52	ἑκάστῳ
42	53	,
42	54	ὧν
42	55	οὗτος
42	56	νῦν
42	57	μεμνήσεται
42	58	.
42	59	μὴ
42	60	οὖν
42	61	καὶ
42	62	διʼ
42	63	ἑτέραν
42	64	ὀργὴν
42	65	τούτου
42	66	ἀδικοῦντος
42	67	νῦν
42	68	ἀποψηφίσησθε
42	69	.
43	1	ἀλλὰ
43	2	λέξει
43	3	ὅτι
43	4	μηνυτὴς
43	5	ἐγένετο
43	6	καὶ
43	7	ἕτερος
43	8	οὐδεὶς
43	9	ὑμῖν
43	10	ἐθελήσει
43	11	μηνύειν
43	12	,
43	13	ἐὰν
43	14	κολάζητε
43	15	.
43	16	Ἀνδοκίδης
43	17	δὲ
43	18	ἔχει
43	19	τὰ
43	20	μήνυτρα
43	21	παρʼ
43	22	ὑμῶν
43	23	,
43	24	σώσας
43	25	τὴν
43	26	αὑτοῦ
43	27	ψυχὴν
43	28	ἑτέρων
43	29	διὰ
43	30	ταῦτα
43	31	ἀποθανόντων
43	32	.
43	33	τῆς
43	34	μὲν
43	35	οὖν
43	36	σωτηρίας
43	37	ὑμεῖς
43	38	τούτῳ
43	39	αἴτιοί
43	40	ἐστε
43	41	,
43	42	τῶν
43	43	δὲ
43	44	κακῶν
43	45	τῶνδε
43	46	καὶ
43	47	τῶν
43	48	κινδύνων
43	49	αὐτὸς
43	50	ἑαυτῷ
43	51	,
43	52	παραβὰς
43	53	τὰ
43	54	δόγματα
43	55	καὶ
43	56	τὴν
43	57	ἄδειαν
43	58	ἐφʼ
43	59	ᾗ
43	60	μηνυτὴς
43	61	ἐγένετο
43	62	.
44	1	οὔκουν
44	2	ἐξουσίαν
44	3	χρὴ
44	4	ποιεῖν
44	5	τοῖς
44	6	μηνυταῖς
44	7	ἀδικεῖν
44	8	(
44	9	ἀρκεῖ
44	10	γὰρ
44	11	τὰ
44	12	πεποιημένα
44	13	)
44	14	,
44	15	ἀλλὰ
44	16	παραβαίνοντας
44	17	κολάζειν
44	18	.
44	19	καὶ
44	20	οἱ
44	21	μὲν
44	22	ἄλλοι
44	23	μηνυταί
44	24	,
44	25	ὁπόσοι
44	26	ἐπʼ
44	27	αἰσχραῖς
44	28	αἰτίαις
44	29	ἐξεληλεγμένοι
44	30	σφᾶς
44	31	αὐτοὺς
44	32	ἐμήνυσαν
44	33	,
44	34	ἓν
44	35	γοῦν
44	36	ἐπίστανται
44	37	,
44	38	μὴ
44	39	ἐνοχλεῖν
44	40	τοῖς
44	41	ἠδικημένοις
44	42	,
44	43	ἡγούμενοι
44	44	ἀποδημοῦντες
44	45	μὲν
44	46	Ἀθηναῖοι
44	47	καὶ
44	48	ἐπίτιμοι
44	49	δόξειν
44	50	εἶναι
44	51	,
44	52	ἐπιδημοῦντες
44	53	δὲ
44	54	παρὰ
44	55	τοῖς
44	56	πολίταις
44	57	τοῖς
44	58	ἠδικημένοις
44	59	πονηροὶ
44	60	δόξειν
44	61	καὶ
44	62	ἀσεβεῖς
44	63	εἶναι
44	64	.
45	1	ὁ
45	2	γοῦν
45	3	πάντων
45	4	πονηρότατος
45	5	Βάτραχος
45	6	πλὴν
45	7	τούτου
45	8	,
45	9	γενόμενος
45	10	ἐπὶ
45	11	τῶν
45	12	τριάκοντα
45	13	μηνυτὴς
45	14	καὶ
45	15	οὐσῶν
45	16	αὐτῷ
45	17	συνθηκῶν
45	18	καὶ
45	19	ὅρκων
45	20	καθάπερ
45	21	τοῖς
45	22	Ἐλευσινόθεν
45	23	,
45	24	δείσας
45	25	ὑμῶν
45	26	οὓς
45	27	ἠδίκησεν
45	28	,
45	29	ἐν
45	30	ἑτέρᾳ
45	31	πόλει
45	32	ᾤκει
45	33	.
45	34	Ἀνδοκίδης
45	35	δὲ
45	36	καὶ
45	37	αὐτοὺς
45	38	τοὺς
45	39	θεοὺς
45	40	ἀδικήσας
45	41	περὶ
45	42	ἐλάττονος
45	43	αὐτοὺς
45	44	ἔθετο
45	45	,
45	46	εἰσιὼν
45	47	εἰς
45	48	τὰ
45	49	ἱερά
45	50	,
45	51	ἢ
45	52	Βάτραχος
45	53	τοὺς
45	54	ἀνθρώπους
45	55	.
45	56	ὅστις
45	57	οὖν
45	58	καὶ
45	59	πονηρότερος
45	60	καὶ
45	61	ἀμαθέστερος
45	62	Βατράχου
45	63	ἐστί
45	64	,
45	65	πάνυ
45	66	δεῖ
45	67	ἀγαπητῶς
45	68	ὑφʼ
45	69	ὑμῶν
45	70	αὐτὸν
45	71	σωθῆναι
45	72	.
46	1	φέρε
46	2	δή
46	3	,
46	4	εἰς
46	5	τίεἰς
46	6	τί
46	7	Markland:
46	8	εἴ
46	9	τι
46	10	.
46	11	σκεψαμένους
46	12	χρὴ
46	13	ὑμᾶς
46	14	Ἀνδοκίδου
46	15	ἀποψηφίσασθαι
46	16	;
46	17	πότερον
46	18	ὡς
46	19	στρατιώτης
46	20	ἀγαθός
46	21	;
46	22	ἀλλʼ
46	23	οὐδεπώποτʼ
46	24	ἐκ
46	25	τῆς
46	26	πόλεως
46	27	ἐστρατεύσατο
46	28	,
46	29	οὔ
46	30	τε
46	31	ἱππεὺς
46	32	οὔ
46	33	τε
46	34	ὁπλίτης
46	35	,
46	36	οὔ
46	37	τε
46	38	τριήραρχος
46	39	οὔ
46	40	τ’
46	41	ἐπιβάτης
46	42	,
46	43	οὔ
46	44	τε
46	45	πρὸ
46	46	τῆς
46	47	συμφορᾶς
46	48	οὔ
46	49	τε
46	50	μετὰ
46	51	τὴν
46	52	συμφοράν
46	53	,
46	54	πλέον
46	55	ἢ
46	56	τετταράκοντα
46	57	ἔτη
46	58	γεγονώς
46	59	.
47	1	καίτοικαίτοι
47	2	Auger:
47	3	καὶ
47	4	MSS
47	5	.
47	6	ἕτεροι
47	7	φεύγοντες
47	8	ἐν
47	9	Ἑλλησπόντῳ
47	10	συνετριηράρχουν
47	11	ὑμῖν
47	12	.
47	13	ἀναμνήσθητε
47	14	δὲ
47	15	καὶ
47	16	αὐτοὶ
47	17	ἐξ
47	18	ὅσων
47	19	κακῶν
47	20	καὶ
47	21	πολέμου
47	22	ὑμᾶς
47	23	αὐτοὺς
47	24	περιεποιήσατε
47	25	καὶ
47	26	τὴν
47	27	πόλιν
47	28	,
47	29	πολλὰ
47	30	μὲν
47	31	τοῖς
47	32	σώμασι
47	33	πονήσαντες
47	34	,
47	35	πολλὰ
47	36	δὲ
47	37	ἀναλώσαντες
47	38	χρήματα
47	39	καὶ
47	40	ἰδίᾳ
47	41	καὶ
47	42	δημοσίᾳ
47	43	,
47	44	πολλοὺς
47	45	δὲ
47	46	καὶ
47	47	ἀγαθοὺς
47	48	τῶν
47	49	πολιτῶν
47	50	καταθάψαντες
47	51	διὰ
47	52	τὸν
47	53	γενόμενον
47	54	πόλεμον
47	55	.
48	1	Ἀνδοκίδης
48	2	δὲ
48	3	ἀπαθὴς
48	4	τούτων
48	5	τῶν
48	6	κακῶν
48	7	γενόμενοςPost
48	8	γενόμενος
48	9	add
48	10	οὐδὲν
48	11	συμβαλόμενος
48	12	Cobet
48	13	εἰς
48	14	τὴν
48	15	σωτηρίαν
48	16	τῇ
48	17	πατρίδι
48	18	,
48	19	ἀξιοῖ
48	20	νυνὶ
48	21	μετέχειν
48	22	τῆς
48	23	πόλεως
48	24	,
48	25	ἀσεβῶν
48	26	ἐν
48	27	αὐτῇ
48	28	.
48	29	ἀλλὰ
48	30	πλουτῶν
48	31	γὰρ
48	32	καὶ
48	33	δυνάμενος
48	34	τοῖς
48	35	χρήμασι
48	36	καὶ
48	37	βασιλεῦσιν
48	38	ἐξενωμένος
48	39	καὶ
48	40	τυράννοις
48	41	—
48	42	ἃ
48	43	νυνὶ
48	44	κομπάσει
48	45	,
48	46	ἐπιστάμενος
48	47	τοὺς
48	48	ὑμετέρους
48	49	τρόπους
48	50	—
48	51	ποίαν
48	52	εἰσφορὰν
48	53	τούτῳ
48	54	ἀγαθὸν
48	55	γένοιντο
48	56	,
49	1	καὶ
49	2	ἐπιστάμενος
49	3	ἐν
49	4	πολλῷ
49	5	σάλῳ
49	6	καὶ
49	7	κινδύνῳ
49	8	τὴν
49	9	πόλιν
49	10	γενομένην
49	11	,
49	12	ναυκληρῶν
49	13	οὐκ
49	14	ἐτόλμησεν
49	15	ἐπαρθεὶς
49	16	σῖτον
49	17	εἰσάγων
49	18	ὠφελῆσαι
49	19	τὴν
49	20	πατρίδα
49	21	.
49	22	ἀλλὰ
49	23	μέτοικοι
49	24	μὲν
49	25	καὶ
49	26	ξένοι
49	27	ἕνεκα
49	28	τῆς
49	29	μετοικίας
49	30	ὠφέλουν
49	31	τὴν
49	32	πόλιν
49	33	εἰσάγοντεςεἰσαγαγὼν
49	34	,
49	35	εἰσαγαγόντες
49	36	MSS
49	37	.
49	38	·
49	39	σὺ
49	40	δὲ
49	41	τί
49	42	καὶ
49	43	ἀγαθὸν
49	44	ποιήσας
49	45	,
49	46	ὦ
49	47	Ἀνδοκίδη
49	48	,
49	49	ποῖα
49	50	ἁμαρτήματα
49	51	ἀνακαλεσάμενος
49	52	,
49	53	ποῖα
49	54	τροφεῖα
49	55	ἀνταποδούς
50	1	Ἀθηναῖοι
50	2	,
50	3	μνήσθητε
50	4	τὰ
50	5	πεποιημένα
50	6	Ἀνδοκίδῃ
50	7	,
50	8	ἐνθυμήθητε
50	9	δὲ
50	10	καὶ
50	11	τῆς
50	12	ἑορτῆς
50	13	,
50	14	διʼ
50	15	ἣν
50	16	ὑπὸ
50	17	τῶν
50	18	πολλῶν
50	19	προὐτιμήθητε
50	20	.
50	21	ἀλλʼ
50	22	ἐστὲ
50	23	γὰρ
50	24	ὑπὸ
50	25	τῶν
50	26	τούτου
50	27	ἁμαρτημάτων
50	28	ἤδη
50	29	καταπλῆγες
50	30	διὰ
50	31	τὸ
50	32	πολλάκις
50	33	ἰδεῖν
50	34	καὶ
50	35	ἀκοῦσαι
50	36	,
50	37	ὥστε
50	38	οὐ
50	39	δὲ
50	40	τὰ
50	41	δεινὰ
50	42	ἔτι
50	43	δεινὰ
50	44	δοκεῖ
50	45	ὑμῖν
50	46	εἶναι
50	47	.
50	48	ἀλλὰ
50	49	προσέχετε
50	50	τὸν
50	51	νοῦν
50	52	,
50	53	δοκείτω
50	54	δʼ
50	55	ὑμῖν
50	56	ἡ
50	57	γνώμη
50	58	ὁρᾶν
50	59	ἃ
50	60	οὗτος
50	61	ἐποίει
50	62	,
50	63	ἐποίει
50	64	Taylor:
50	65	ποιεῖ
50	66	MSS
50	67	.
51	1	καὶ
51	2	διαγνώσεσθε
51	3	ἄμεινον
51	4	.
51	5	οὗτος
51	6	γὰρ
51	7	ἐνδὺς
51	8	στολήν
51	9	,
51	10	μιμούμενος
51	11	τὰ
51	12	ἱερὰ
51	13	ἐπεδείκνυε
51	14	τοῖς
51	15	ἀμυήτοις
51	16	καὶ
51	17	εἶπε
51	18	τῇ
51	19	φωνῇ
51	20	τὰ
51	21	ἀπόρρητα
51	22	,
51	23	τῶν
51	24	δὲ
51	25	θεῶν
51	26	,
51	27	οὓς
51	28	ἡμεῖς
51	29	θεοὺςθεοὺς
51	30	del
51	31	.
51	32	Dobree
51	33	νομίζομεν
51	34	καὶ
51	35	θεραπεύοντες
51	36	καὶ
51	37	ἁγνεύοντες
51	38	θύομεν
51	39	καὶ
51	40	προσευχόμεθα
51	41	,
51	42	τούτους
51	43	περιέκοψε
51	44	.
51	45	καὶ
51	46	ἐπὶ
51	47	τούτοις
51	48	ἱέρειαι
51	49	καὶ
51	50	ἱερεῖς
51	51	στάντες
51	52	κατηράσαντο
51	53	πρὸς
51	54	ἑσπέραν
51	55	καὶ
51	56	φοινικίδας
51	57	ἀνέσεισαν
51	58	,
51	59	κατὰ
51	60	τὸ
51	61	νόμιμον
51	62	τὸ
51	63	παλαιὸν
51	64	καὶ
51	65	ἀρχαῖον
51	66	.
52	1	ὡμολόγησε
52	2	δὲ
52	3	οὗτος
52	4	ποιῆσαι
52	5	.
52	6	ἔτι
52	7	δὲ
52	8	παρελθὼν
52	9	τὸν
52	10	νόμον
52	11	ὃν
52	12	ὑμεῖς
52	13	ἔθεσθε
52	14	,
52	15	εἴργεσθαι
52	16	τῶν
52	17	ἱερῶν
52	18	αὐτὸν
52	19	ὡς
52	20	ἀλιτήριον
52	21	ὄντα
52	22	,
52	23	ταῦτα
52	24	πάντα
52	25	βιασάμενος
52	26	εἰσελήλυθεν
52	27	ἡμῶν
52	28	εἰς
52	29	τὴν
52	30	πόλιν
52	31	,
52	32	καὶ
52	33	ἔθυσεν
52	34	ἐπὶ
52	35	τῶν
52	36	βωμῶν
52	37	ὧν
52	38	οὐκ
52	39	ἐξῆν
52	40	αὐτῷ
52	41	καὶ
52	42	ἀπήντα
52	43	τοῖς
52	44	ἱεροῖς
52	45	περὶ
52	46	ἃ
52	47	ἠσέβησεν
52	48	,
52	49	εἰσῆλθεν
52	50	εἰς
52	51	τὸ
52	52	Ἐλευσίνιον
52	53	,
52	54	ἐχερνίψατο
52	55	ἐκ
52	56	τῆς
52	57	ἱερᾶς
52	58	χέρνιβος
52	59	.
52	60	τίνα
52	61	χρὴ
52	62	ταῦτα
52	63	ἀνασχέσθαι
52	64	;
53	1	ποῖον
53	2	φίλον
53	3	,
53	4	ποῖον
53	5	συγγενῆ
53	6	,
53	7	ποῖον
53	8	δημότηνδημότην
53	9	Blass:
53	10	δικαστὴν
53	11	MSS
53	12	.
53	13	χρὴ
53	14	τούτῳ
53	15	χαρισάμενον
53	16	κρύβδην
53	17	φανερῶς
53	18	τοῖς
53	19	θεοῖς
53	20	ἀπεχθέσθαι
53	21	;
53	22	νῦν
53	23	οὖν
53	24	χρὴ
53	25	νομίζειν
53	26	τιμωρουμένους
53	27	καὶ
53	28	ἀπαλλαττομένους
53	29	Ἀνδοκίδου
53	30	τὴν
53	31	πόλιν
53	32	καθαίρεινPost
53	33	καθαίρειν
53	34	in
53	35	libris
53	36	ἀρὰν
53	37	ἀπάγεσθαι
53	38	del
53	39	.
53	40	Taylor
53	41	καὶ
53	42	ἀποδιοπομπεῖσθαι
53	43	καὶ
53	44	φαρμακὸν
53	45	ἀποπέμπειν
53	46	καὶ
53	47	ἀλιτηρίου
53	48	ἀπαλλάττεσθαι
53	49	,
53	50	ὡς
53	51	ἓν
53	52	τούτων
53	53	οὗτός
53	54	ἐστι
53	55	.
54	1	βούλομαι
54	2	τοίνυν
54	3	εἰπεῖν
54	4	ἃ
54	5	Διοκλῆς
54	6	ὁ
54	7	Ζακόρου
54	8	τοῦ
54	9	ἱεροφάντου
54	10	,
54	11	πάππος
54	12	δὲ
54	13	ἡμέτερος
54	14	,
54	15	συνεβούλευσε
54	16	βουλευομένοις
54	17	ὑμῖν
54	18	ὅ
54	19	τι
54	20	δεῖ
54	21	χρῆσθαι
54	22	Μεγαρεῖ
54	23	ἀνδρὶ
54	24	ἠσεβηκότι
54	25	.
54	26	κελευόντων
54	27	γὰρ
54	28	ἑτέρων
54	29	ἄκριτον
54	30	παραχρῆμα
54	31	ἀποκτεῖναι
54	32	,
54	33	παρῄνεσε
54	34	κρῖναι
54	35	τῶν
54	36	ἀνθρώπων
54	37	ἕνεκα
54	38	,
54	39	ἵνα
54	40	ἀκούσαντες
54	41	καὶ
54	42	ἰδόντες
54	43	σωφρονέστεροι
54	44	οἱ
54	45	ἄλλοι
54	46	ὦσι
54	47	,
54	48	τῶν
54	49	δὲ
54	50	θεῶν
54	51	ἕνεκα
54	52	οἴκοθεν
54	53	ἕκαστον
54	54	,
54	55	ἃ
54	56	δεῖ
54	57	τὸν
54	58	ἀσεβοῦντα
54	59	παθεῖν
54	60	,
54	61	αὐτὸν
54	62	παρʼ
54	63	ἑαυτῷ
54	64	κεκρικότα
54	65	εἰς
54	66	τὸ
54	67	δικαστήριον
54	68	εἰσιέναι
54	69	.
55	1	καὶ
55	2	ὑμεῖς
55	3	,
55	4	ὦ
55	5	ἄνδρες
55	6	Ἀθηναῖοι
55	7	(
55	8	ἐπίστασθε
55	9	γὰρ
55	10	ἃ
55	11	δεῖ
55	12	ποιῆσαι
55	13	)
55	14	,
55	15	μὴ
55	16	ἀναπεισθῆτε
55	17	ὑπὸ
55	18	τούτου
55	19	,
55	20	φανερῶς
55	21	ἔχετε
55	22	αὐτὸν
55	23	ἀσεβοῦντα
55	24	·
55	25	εἴδετε
55	26	,
55	27	ἠκούσατε
55	28	τὰ
55	29	τούτου
55	30	ἁμαρτήματα
55	31	.
55	32	ἀντιβολήσει
55	33	καὶ
55	34	ἱκετεύσει
55	35	ὑμᾶς
55	36	·
55	37	μὴ
55	38	ἐλεεῖτε
55	39	.
55	40	οὐ
55	41	γὰρ
55	42	οἱ
55	43	δικαίως
55	44	ἀποθνῄσκοντες
55	45	ἀλλʼ
55	46	οἱ
55	47	ἀδίκως
55	48	ἄξιοί
55	49	εἰσιν
55	50	ἐλεεῖσθαι
55	51	.
