oga_lemma	glaux_lemma	count	category	subcategory	resolution	notes
μᾶλλον	μάλα	508	comparative_lemma	adverb_comparative	glaux	comparative adverb: cite under positive μάλα
εἶπον	λέγω	439	suppletive_verb	aorist_stem	glaux	suppletive aorist: εἶπον is aorist of λέγω
μάλιστα	μάλα	369	comparative_lemma	adverb_superlative	glaux	superlative adverb: cite under positive μάλα
δεῖ	δέω	355	homographic	verb_ambiguity	glaux	δεῖ = "it is necessary" → δέω (not δέω "bind")
ἐπεί	ἐπειδή	314	related_form	conjunction	oga	ἐπεί and ἐπειδή: OGA keeps ἐπεί for both
̔	(	255	artefact	encoding	SKIP	encoding artefact, not a real lemma disagreement
ἐρῶ	λέγω	243	suppletive_verb	future_stem	glaux	suppletive future: ἐρῶ is future of λέγω
πλείων	πολύς	231	comparative_lemma	adjective_comparative	glaux	comparative adj: cite under positive πολύς
ὅς	ὁ	195	homographic	pronoun_article	TBD	relative pronoun ὅς vs article ὁ — needs form-level check
πελοποννήσιοι	Πελοποννήσιος	176	capitalisation	proper_noun	glaux	capitalisation difference only
πλεῖστος	πολύς	176	comparative_lemma	adjective_superlative	glaux	superlative adj: cite under positive πολύς
ἄν	ἐάν	144	related_form	particle_conjunction	oga	ἄν (modal particle) ≠ ἐάν (conditional conjunction)
ὅσπερ	ὅς	141	compound_vs_simple	pronoun	oga	ὅσπερ is its own lemma, not ὅς
ὕστερος	ὕστερον	138	pos_ambiguity	adjective_adverb	TBD	adjective or adverb — context-dependent
χράομαι	χράω	126	voice_lemma	middle_active	glaux	χράομαι is conventionally middle; cite under χράω
πρῶτος	πρότερος	123	comparative_lemma	adjective_superlative	TBD	πρῶτος: superlative of πρό or its own lemma?
ἐλάσσων	ἐλαχύς	118	comparative_lemma	adjective_comparative	TBD	comparative: cite under ἐλαχύς or μικρός?
εἶμι	ἔρχομαι	115	suppletive_verb	present_stem	glaux	suppletive present: εἶμι = "I will go" → ἔρχομαι
πλέος	πολύς	115	comparative_lemma	variant_form	glaux	variant/poetic form of πολύς
εἶδον	ὁράω	102	suppletive_verb	aorist_stem	glaux	suppletive aorist: εἶδον is aorist of ὁράω
κρείσσων	κρατύς	90	comparative_lemma	adjective_comparative	TBD	comparative: cite under κρατύς or ἀγαθός?
κερυκυραῖος	Κερκυραῖος	85	capitalisation	proper_noun	glaux	capitalisation + spelling variant
ἱερόν	ἱερός	79	pos_ambiguity	noun_adjective	TBD	substantivised adjective: τὸ ἱερόν "temple"
ἄλλως	ἄλλος	76	pos_ambiguity	adjective_adverb	glaux	adverb form: cite under adjective ἄλλος
βελτίων	ἀγαθός	70	comparative_lemma	adjective_comparative	glaux	suppletive comparative of ἀγαθός
πότερον	πότερος	65	pos_ambiguity	adjective_adverb	TBD	adverb or pronoun — context-dependent
εἰκότως	ἔοικα	63	pos_ambiguity	participle_adverb	glaux	adverb from perfect participle: cite under ἔοικα
βέλτιστος	ἀγαθός	63	comparative_lemma	adjective_superlative	glaux	suppletive superlative of ἀγαθός
ἀμείνων	ἀγαθός	61	comparative_lemma	adjective_comparative	glaux	suppletive comparative of ἀγαθός
ἄριστος	ἀγαθός	60	comparative_lemma	adjective_superlative	glaux	suppletive superlative of ἀγαθός
ἥκιστος	ἦκα	57	comparative_lemma	adverb_superlative	TBD	superlative adverb: ἥκιστα from ἧκα? (rare positive)
σκέπτομαι	σκοπέω	57	voice_lemma	middle_active	glaux	σκέπτομαι is middle; cite under active σκοπέω
ναυτικόν	ναυτικός	56	pos_ambiguity	noun_adjective	TBD	substantivised adjective: τὸ ναυτικόν "fleet"
χείρων	κακός	56	comparative_lemma	adjective_comparative	glaux	suppletive comparative of κακός
θρᾳκία	Θρᾴκη	55	capitalisation	proper_noun	glaux	capitalisation + variant spelling of Thrace
ἀφεστήξω	ἀφίστημι	54	variant_lemma	compound_verb	glaux	future form: cite under ἀφίστημι
ὅτι	ὅστις	51	homographic	pronoun_conjunction	TBD	ὅτι "that/because" vs ὅ τι "whatever"
μεσσήνιοι	Μεσσήνιος	51	capitalisation	proper_noun	glaux	capitalisation difference
μυτιληναῖοι	Μυτιληναῖος	48	capitalisation	proper_noun	glaux	capitalisation difference
καταλιμπάνω	καταλείπω	47	variant_lemma	spelling_variant	glaux	dialectal spelling: -λιμπ- vs -λειπ-
αἴρω	ἀείρω	40	variant_lemma	spelling_variant	TBD	contracted vs uncontracted form
ὅς	ᾗ	39	homographic	pronoun_adverb	TBD	relative pronoun ὅς vs adverb ᾗ "where"
ἔθω	εἴωθα	38	variant_lemma	perfect_stem	TBD	present ἔθω vs perfect εἴωθα as citation
ἤ1	ὁ	38	artefact	encoding	SKIP	OGA lemma number suffix — encoding artefact
κράτιστος	κρατύς	37	comparative_lemma	adjective_superlative	TBD	superlative: cite under κρατύς or ἀγαθός?
διανοέομαι	διανοέω	34	voice_lemma	middle_active	glaux	middle deponent: cite under active
ὁ	ὅς	33	homographic	article_pronoun	TBD	article vs relative pronoun (reverse of ὅς/ὁ)
προεῖπον	προλέγω	32	suppletive_verb	aorist_stem	glaux	suppletive aorist: cite under compound λέγω
ἦ	ἠμί	31	variant_lemma	verb_form	glaux	ἦ = "said" → cite under ἠμί
ἔπειμι2	ἐπέρχομαι	30	suppletive_verb	present_stem	glaux	suppletive: εἶμι compound → ἔρχομαι compound
ἄρχων	ἄρχω	30	pos_ambiguity	participle_noun	TBD	participle/noun: ὁ ἄρχων "the ruler"
ὁ	ἤ	30	artefact	alignment	SKIP	alignment error — article matched to disjunction
ἀπολιμπάνω	ἀπολείπω	29	variant_lemma	spelling_variant	glaux	dialectal spelling variant
ἀντεῖπον	ἀντιλέγω	29	suppletive_verb	aorist_stem	glaux	suppletive aorist: compound of εἶπον/λέγω
ἡδέως	ἡδύς	29	pos_ambiguity	adjective_adverb	glaux	adverb: cite under adjective ἡδύς
σύ	τοι	28	homographic	pronoun_particle	TBD	dative σοι vs particle τοι
διέξειμι	διεξέρχομαι	28	suppletive_verb	present_stem	glaux	suppletive: εἶμι compound → ἔρχομαι compound
ἐλάχιστος	ἐλαχύς	27	comparative_lemma	adjective_superlative	TBD	superlative of ἐλαχύς
προσπίτνω	προσπίπτω	27	variant_lemma	spelling_variant	glaux	poetic/dialectal variant
ἔπειμι1	ἐπέρχομαι	27	suppletive_verb	present_stem	glaux	suppletive: εἶμι compound → ἔρχομαι compound
χαρίζομαι	χαρίζω	27	voice_lemma	middle_active	glaux	middle deponent: cite under active
ἄπειμι1	ἀπέρχομαι	27	suppletive_verb	present_stem	glaux	suppletive: εἶμι compound → ἔρχομαι compound
ὁτιοῦν	ὁστισοῦν	27	compound_vs_simple	pronoun	oga	ὁτιοῦν is neuter of ὁστισοῦν — same lemma family
πρόσειμι1	προσέρχομαι	26	suppletive_verb	present_stem	glaux	suppletive: εἶμι compound → ἔρχομαι compound
προερέω	προλέγω	25	suppletive_verb	future_stem	glaux	suppletive future: compound of ἐρῶ/λέγω
αὐτός	αὐτοῦ	25	pos_ambiguity	pronoun_adverb	TBD	αὐτοῦ "there" (adverb) vs genitive of αὐτός
ἀέκων	ἄκων	23	variant_lemma	spelling_variant	glaux	dialectal variant: ἀέκων = ἄκων "unwilling"
ἐπέξειμι	ἐπεξέρχομαι	22	suppletive_verb	present_stem	glaux	suppletive: εἶμι compound → ἔρχομαι compound
οὗτος	ταύτῃ	22	pos_ambiguity	pronoun_adverb	TBD	ταύτῃ "in this way" (adverb) vs dative of οὗτος
ὅς	οὗ	19	pos_ambiguity	pronoun_adverb	TBD	οὗ "where" (adverb) vs genitive of ὅς
εἴσειμι	εἰσέρχομαι	19	suppletive_verb	present_stem	glaux	suppletive: εἶμι compound → ἔρχομαι compound
εἰκός	ἔοικα	18	pos_ambiguity	participle_adjective	glaux	εἰκός (neut. participle used as adj/noun) → ἔοικα
ἄρχω	ἄρχων	18	pos_ambiguity	verb_noun	TBD	reverse of ἄρχων/ἄρχω — participle or verb?
μέγαρον	Μέγαρα	18	homographic	noun_proper	TBD	τὸ μέγαρον "hall" vs Μέγαρα (city)
ἀξία	ἄξιος	18	pos_ambiguity	noun_adjective	glaux	substantivised: ἡ ἀξία "worth" → cite under ἄξιος
ἄλλῃ	ἄλλος	17	pos_ambiguity	adjective_adverb	glaux	adverb "elsewhere": cite under ἄλλος
ἐκπίτνω	ἐκπίπτω	17	variant_lemma	spelling_variant	glaux	dialectal present stem variant
αἰτωλοί	Αἰτωλός	17	capitalisation	proper_noun	glaux	capitalisation difference
ἐρέω	λέγω	17	suppletive_verb	future_stem	glaux	suppletive future: ἐρέω = future of λέγω
ἤ1	ἠμί	17	artefact	encoding	SKIP	OGA lemma number suffix
ἀπαλλαξείω	ἀπαλλάσσω	16	variant_lemma	desiderative	glaux	desiderative form: cite under base verb
ποιητέος	ποιέω	16	pos_ambiguity	verbal_adjective	glaux	verbal adjective in -τέος: cite under verb
ἑλλήνιος	Ἑλληνίς	15	capitalisation	proper_noun	glaux	capitalisation + gender variant
ὁ	ἕ	15	homographic	article_pronoun	TBD	article vs reflexive pronoun — context-dependent
γίνομαι	γίγνομαι	14	variant_lemma	spelling_variant	TBD	Attic γίγνομαι vs Koine γίνομαι
σκεπτέος	σκοπέω	13	pos_ambiguity	verbal_adjective	glaux	verbal adjective in -τέος: cite under verb
ἐμπίτνω	ἐμπίπτω	13	variant_lemma	spelling_variant	glaux	dialectal present stem variant
δοκέω	δόξα	13	homographic	verb_noun	TBD	verb δοκέω vs noun δόξα — context-dependent
οὑτωσί	οὕτως	13	compound_vs_simple	adverb	glaux	deictic form: cite under base adverb
ἔξειμι2	ἐξέρχομαι	13	suppletive_verb	present_stem	glaux	suppletive: εἶμι compound → ἔρχομαι compound
ἴωνες	Ἴων	12	capitalisation	proper_noun	glaux	capitalisation difference
συμπίτνω	συμπίπτω	12	variant_lemma	spelling_variant	glaux	dialectal present stem variant
προσδέομαι	προσδέω	11	voice_lemma	middle_active	glaux	middle deponent: cite under active
ᾗπερ	ᾗ	11	compound_vs_simple	adverb	oga	ᾗπερ is emphatic form of ᾗ — own lemma
ἄπειμι2	ἀπέρχομαι	11	suppletive_verb	present_stem	glaux	suppletive: εἶμι compound → ἔρχομαι compound
οὐ	ὅς	11	artefact	alignment	SKIP	alignment error — negative matched to relative
εἰμί	εἶεν	11	artefact	alignment	SKIP	alignment error — εἰμί matched to optative particle
οἰκέω	οἰκουμένη	10	pos_ambiguity	participle_noun	TBD	ἡ οἰκουμένη "the inhabited world" — lexicalised participle
δόξα	δοκέω	10	homographic	noun_verb	TBD	noun δόξα vs verb δοκέω (reverse of earlier)
περίἰδέω	περιοράω	10	suppletive_verb	aorist_stem	glaux	suppletive: compound of εἶδον/ὁράω (garbled OGA lemma)
νισαῖος	Νίσαια	10	capitalisation	proper_noun	glaux	capitalisation difference
κατεῖδον	κατοράω	10	suppletive_verb	aorist_stem	glaux	suppletive: compound of εἶδον/ὁράω
συρακόσιος	Συρακούσιος	10	capitalisation	proper_noun	glaux	capitalisation + spelling variant
ἀπεῖπον	ἀπολέγω	10	suppletive_verb	aorist_stem	glaux	suppletive: compound of εἶπον/λέγω
ἄνδριος	ἀνδρεία	10	homographic	adjective_noun	TBD	ethnic Ἄνδριος vs noun ἀνδρεία "courage"?
ἦ	ὁ	10	artefact	alignment	SKIP	alignment error
πολεμόω	πολεμέω	9	variant_lemma	spelling_variant	TBD	contract variant: -όω vs -έω
τύχη	τυγχάνω	9	pos_ambiguity	noun_verb	TBD	noun τύχη "fortune" vs verb τυγχάνω "happen"
ᾗπερ	ὅς	9	compound_vs_simple	pronoun	oga	ᾗπερ emphatic relative — own lemma or under ὅς
τροπαῖος	τρόπαιον	9	pos_ambiguity	adjective_noun	TBD	adjective τροπαῖος vs noun τρόπαιον "trophy"
ὑπέρεἶδον	ὑπεροράω	9	suppletive_verb	aorist_stem	glaux	suppletive: compound of εἶδον/ὁράω (garbled OGA lemma)
πολύς	πόλις	9	artefact	alignment	SKIP	alignment error — different words entirely
ἄλλος	ἀλλά	9	artefact	alignment	SKIP	alignment error
συμμίγνυμι	συμμείγνυμι	8	variant_lemma	spelling_variant	TBD	variant spelling of compound
ἔχθιστος	ἐχθρός	8	comparative_lemma	adjective_superlative	glaux	suppletive superlative of ἐχθρός
βιάω	βιάζω	8	variant_lemma	spelling_variant	glaux	variant: βιάω vs βιάζω
χίλιος	χίλιοι	8	variant_lemma	singular_plural	TBD	singular vs plural citation form
κάτειμι	κατέρχομαι	8	suppletive_verb	present_stem	glaux	suppletive: εἶμι compound → ἔρχομαι compound
ἔσπλοος	εἴσπλοος	8	variant_lemma	spelling_variant	TBD	variant compound prefix spelling
μένδης	Μένδη	8	capitalisation	proper_noun	glaux	capitalisation difference
ὅς	εἰμί	8	artefact	alignment	SKIP	alignment error
πάρειμι1	παρέρχομαι	7	artefact	encoding	SKIP	OGA lemma number suffix
ξυνετός	συνετός	7	variant_lemma	dialect_prefix	glaux	Attic ξυν- vs standard συν-
ἐν	ἔνειμι	7	artefact	alignment	SKIP	alignment error
σύνεἶδον	συνοράω	7	suppletive_verb	aorist_stem	glaux	suppletive: compound of εἶδον/ὁράω
εἰμί	ὅς	7	artefact	alignment	SKIP	alignment error
ἦ	εἰμί	7	artefact	alignment	SKIP	alignment error
περίειμι1	περιέρχομαι	6	artefact	encoding	SKIP	OGA lemma number suffix
ὦ	εἰμί	6	artefact	alignment	SKIP	alignment error
ὦ	ὅς	6	artefact	alignment	SKIP	alignment error
ἐν	εἷς	6	artefact	alignment	SKIP	alignment error
σύνειμι1	συνέρχομαι	5	artefact	encoding	SKIP	OGA lemma number suffix
εἰμί	ἔρχομαι	5	artefact	alignment	SKIP	alignment error
ἤ1	εἰμί	5	artefact	encoding	SKIP	OGA lemma number suffix
πρόειμι2	προέρχομαι	4	artefact	encoding	SKIP	OGA lemma number suffix
ἀξύνετος	ἀσύνετος	4	variant_lemma	dialect_prefix	glaux	Attic ξυν- vs standard συν-
πρόειμι1	προέρχομαι	4	artefact	encoding	SKIP	OGA lemma number suffix
ὑπεῖπον	ὑπολέγω	3	suppletive_verb	aorist_stem	glaux	suppletive: compound of εἶπον/λέγω
συνεῖπον	συλλέγω	3	suppletive_verb	aorist_stem	glaux	suppletive: compound of εἶπον/λέγω
περίεἶδον	περιοράω	3	suppletive_verb	aorist_stem	glaux	suppletive: compound of εἶδον/ὁράω
ἤ1	ὅς	3	artefact	encoding	SKIP	OGA lemma number suffix
ὅς	ὦ	3	artefact	alignment	SKIP	alignment error
σύνλέγω1	συλλέγω	2	artefact	encoding	SKIP	OGA lemma number suffix
ἀξυνεσία	ἀσυνεσία	2	variant_lemma	dialect_prefix	glaux	Attic ξυν- vs standard συν-
σύνειμι1	συνᾴδω	2	artefact	encoding	SKIP	OGA lemma number suffix
ξυστράτηγος	συστράτηγος	2	variant_lemma	dialect_prefix	glaux	Attic ξυν- vs standard συν-
μέτειμι2	μετέρχομαι	2	artefact	encoding	SKIP	OGA lemma number suffix
ἀντίἔπειμι2	ἀντέπειμι	2	artefact	encoding	SKIP	OGA lemma number suffix
ἐν	εἰμί	2	artefact	alignment	SKIP	alignment error
σύνλέγω2	συλλέγω	2	artefact	encoding	SKIP	OGA lemma number suffix
κατεῖπον	καταλέγω	2	suppletive_verb	aorist_stem	glaux	suppletive: compound of εἶπον/λέγω
ὁ	εἰμί	2	artefact	alignment	SKIP	alignment error
πάρειμι1	παρίημι	1	artefact	encoding	SKIP	OGA lemma number suffix
δέω2	δέον	1	artefact	encoding	SKIP	OGA lemma number suffix
περίειμι1	περιέννυμι	1	artefact	encoding	SKIP	OGA lemma number suffix
ξυλλογή	συλλογή	1	variant_lemma	dialect_prefix	glaux	Attic ξυν- vs standard συν-
ξυστασιάζω	συστασιάζω	1	variant_lemma	dialect_prefix	glaux	Attic ξυν- vs standard συν-
σύνλέγω1	λέγω	1	artefact	encoding	SKIP	OGA lemma number suffix
ὕπειμι1	ὑπέρχομαι	1	artefact	encoding	SKIP	OGA lemma number suffix
προσεῖπον	προσλέγω	1	suppletive_verb	aorist_stem	glaux	suppletive: compound of εἶπον/λέγω
ἄπειμι2	ἄπιστος	1	artefact	encoding	SKIP	OGA lemma number suffix
πρόσειμι1	προσᾴδω	1	artefact	encoding	SKIP	OGA lemma number suffix
ἦ	ὅς	1	artefact	alignment	SKIP	alignment error
ὁ	ἦ	1	artefact	alignment	SKIP	alignment error
εἰμί	ὁ	1	artefact	alignment	SKIP	alignment error
πάρειμι2	παρέρχομαι	1	artefact	encoding	SKIP	OGA lemma number suffix
ὅς	ἕ	1	artefact	alignment	SKIP	alignment error
ἀλλά	ἄλλος	8	artefact	alignment	SKIP	alignment error — conjunction vs adjective
ὑπήκους	ὑπήκοος	7	variant_lemma	spelling_variant	glaux	accusative plural form vs standard lemma
ψηφίζομαι	ψηφίζω	7	voice_lemma	middle_active	glaux	middle: cite under active
προεῖδον	προοράω	7	suppletive_verb	aorist_stem	glaux	suppletive: compound of εἶδον/ὁράω
πλησίος	πλησίον	7	pos_ambiguity	adjective_adverb	TBD	adjective or adverb
ξύλλογος	σύλλογος	7	variant_lemma	dialect_prefix	glaux	Attic ξυν- vs standard συν-
τάχος	ταχύς	7	pos_ambiguity	noun_adjective	TBD	noun τάχος vs adjective ταχύς (κατὰ τάχος)
ἀττική	Ἀττικός	7	capitalisation	proper_noun	glaux	capitalisation difference
ἐκτείνω	κτείνω	7	variant_lemma	compound_simple	TBD	compound ἐκ- vs simple form
πάσχω	πείθω	7	artefact	alignment	SKIP	alignment error — different words
ἄριστον	ἀγαθός	7	comparative_lemma	adjective_superlative	glaux	τὸ ἄριστον or neuter superlative of ἀγαθός
ἀμφίπολος	Ἀμφίπολις	7	homographic	noun_proper	TBD	noun ἀμφίπολος "servant" vs city Ἀμφίπολις
τορώνης	Τορώνη	7	capitalisation	proper_noun	glaux	capitalisation difference
κλεαρίδης	Κλεαρίδας	7	capitalisation	proper_noun	glaux	capitalisation + spelling variant
σκιρίτης	Σκιρῖται	7	capitalisation	proper_noun	glaux	capitalisation difference
χάρις	χάριν	7	related_form	noun_adverb	TBD	noun χάρις vs adverbial χάριν "for the sake of"
χαβρίης	Χαβρίας	7	capitalisation	proper_noun	glaux	capitalisation + dialectal variant
χίων	Χῖος	6	capitalisation	proper_noun	glaux	capitalisation difference
δέχομαι	δείκνυμι	6	artefact	alignment	SKIP	alignment error — different words
φιλονεικία	φιλονικία	6	variant_lemma	spelling_variant	glaux	spelling variant
κατεῖδον	καθοράω	6	suppletive_verb	aorist_stem	glaux	suppletive: compound of εἶδον/ὁράω
ἐπίἐπικουρέω	ἐπικουρέω	6	artefact	encoding	SKIP	garbled OGA compound lemma
πειράζω	πειράω	6	variant_lemma	spelling_variant	TBD	-άζω vs -άω variant
βυζάντιοv	Βυζάντιον	6	capitalisation	proper_noun	glaux	capitalisation + encoding (Latin v)
παιδικόν	παιδικός	6	pos_ambiguity	noun_adjective	TBD	substantivised τὰ παιδικά
πελληνεύς	Πελλήνη	6	capitalisation	proper_noun	glaux	capitalisation + ethnic vs place
ἐλασσοῦμαι	ἐλασσόω	6	voice_lemma	middle_active	glaux	middle: cite under active
προνοοῦμαι	προνοέω	6	voice_lemma	middle_active	glaux	middle: cite under active
σίφας	Σῖφαι	6	capitalisation	proper_noun	glaux	capitalisation difference
δήλιος	Δήλιον	6	capitalisation	proper_noun	glaux	ethnic vs place name
ἀρραβαῖος	Ἀρριβαῖος	6	capitalisation	proper_noun	glaux	capitalisation + spelling variant
νομίμως	νόμιμος	6	pos_ambiguity	adjective_adverb	glaux	adverb: cite under adjective
βασίλειον	βασίλεια	6	pos_ambiguity	noun_noun	TBD	neuter τὸ βασίλειον vs feminine ἡ βασίλεια
τετταράκοντα	τεσσαράκοντα	6	variant_lemma	spelling_variant	glaux	Attic ττ vs standard σσ
σύ	σός	6	homographic	pronoun_adjective	TBD	pronoun σύ vs possessive σός
καλλίης	Καλλίας	6	capitalisation	proper_noun	glaux	capitalisation + dialectal variant
ξυνεχές	συνεχής	5	variant_lemma	dialect_prefix	glaux	Attic ξυν- vs standard συν-
κατάἕζομαι	καθέζομαι	5	artefact	encoding	SKIP	garbled OGA compound lemma
δέομαι	δέω	5	voice_lemma	middle_active	glaux	middle: cite under active
πρόσειμι	προσέρχομαι	5	suppletive_verb	present_stem	glaux	suppletive: εἶμι compound → ἔρχομαι compound
γνῶσις	γιγνώσκω	5	pos_ambiguity	noun_verb	TBD	noun γνῶσις vs verb γιγνώσκω
νέος	νεώτερος	5	comparative_lemma	adjective_comparative	TBD	comparative: cite under positive?
ἀνθιστάω	ἀνθίστημι	5	variant_lemma	spelling_variant	glaux	variant compound form
ἠνδραποδίζω	ἀνδραποδίζω	5	variant_lemma	augment_variant	glaux	augmented vs unaugmented citation
πηγή	Πηγαί	5	homographic	noun_proper	TBD	noun πηγή "spring" vs place Πηγαί
κατάκαθέζομαι	καθέζομαι	5	artefact	encoding	SKIP	garbled OGA compound lemma
ὀξέως	ὀξύς	5	pos_ambiguity	adjective_adverb	glaux	adverb: cite under adjective
