section_ref	token_id
1	1
1	2
1	3
1	4
1	5
1	6
1	7
1	8
1	9
1	10
1	11
1	12
1	13
1	14
1	15
1	16
1	17
1	18
1	19
1	20
1	21
1	22
1	23
1	24
1	25
1	26
1	27
1	28
1	29
1	30
1	31
1	32
1	33
1	34
1	35
1	36
1	37
1	38
1	39
1	40
1	41
1	42
1	43
2	44
2	45
2	46
2	47
2	48
2	49
2	50
2	51
2	52
2	53
2	54
2	55
2	56
2	57
2	58
2	59
2	60
2	61
2	62
2	63
2	64
2	65
2	66
2	67
2	68
2	69
2	70
2	71
2	72
2	73
2	74
2	75
3	76
3	77
3	78
3	79
3	80
3	81
3	82
3	83
3	84
3	85
3	86
3	87
3	88
3	89
3	90
3	91
3	92
3	93
3	94
3	95
3	96
3	97
3	98
3	99
3	100
3	101
3	102
3	103
3	104
3	105
3	106
3	107
3	108
3	109
3	110
3	111
3	112
3	113
3	114
3	115
3	116
3	117
3	118
4	119
4	120
4	121
4	122
4	123
4	124
4	125
4	126
4	127
4	128
4	129
4	130
4	131
4	132
4	133
4	134
4	135
4	136
4	137
4	138
4	139
4	140
4	141
4	142
4	143
4	144
4	145
4	146
4	147
4	148
4	149
4	150
4	151
4	152
4	153
4	154
4	155
4	156
4	157
4	158
4	159
4	160
4	161
4	162
5	163
5	164
5	165
5	166
5	167
5	168
5	169
5	170
5	171
5	172
5	173
5	174
5	175
5	176
5	177
5	178
5	179
5	180
5	181
5	182
5	183
5	184
5	185
5	186
5	187
5	188
5	189
5	190
5	191
5	192
5	193
5	194
6	195
6	196
6	197
6	198
6	199
6	200
6	201
6	202
6	203
6	204
6	205
6	206
6	207
6	208
6	209
6	210
6	211
6	212
6	213
6	214
6	215
6	216
6	217
6	218
6	219
6	220
6	221
6	222
6	223
6	224
6	225
6	226
6	227
6	228
6	229
6	230
6	231
6	232
6	233
6	234
6	235
6	236
6	237
6	238
6	239
6	240
6	241
6	242
6	243
6	244
6	245
6	246
6	247
6	248
6	249
6	250
6	251
6	252
6	253
6	254
7	255
7	256
7	257
7	258
7	259
7	260
7	261
7	262
7	263
7	264
7	265
7	266
7	267
7	268
7	269
7	270
7	271
7	272
7	273
7	274
7	275
7	276
7	277
7	278
7	279
7	280
7	281
7	282
7	283
7	284
7	285
7	286
7	287
7	288
7	289
7	290
7	291
7	292
7	293
7	294
7	295
7	296
7	297
7	298
7	299
7	300
7	301
7	302
7	303
7	304
7	305
7	306
7	307
7	308
7	309
7	310
7	311
7	312
7	313
7	314
7	315
7	316
7	317
7	318
7	319
7	320
7	321
7	322
7	323
8	324
8	325
8	326
8	327
8	328
8	329
8	330
8	331
8	332
8	333
8	334
8	335
8	336
8	337
8	338
8	339
8	340
8	341
8	342
8	343
8	344
8	345
8	346
8	347
8	348
8	349
8	350
8	351
8	352
8	353
8	354
8	355
8	356
8	357
8	358
8	359
8	360
9	361
9	362
9	363
9	364
9	365
9	366
9	367
9	368
9	369
9	370
9	371
9	372
9	373
9	374
9	375
9	376
9	377
9	378
9	379
9	380
9	381
9	382
9	383
9	384
9	385
9	386
9	387
9	388
9	389
9	390
9	391
9	392
9	393
9	394
9	395
9	396
9	397
10	398
10	399
10	400
10	401
10	402
10	403
10	404
10	405
10	406
10	407
10	408
10	409
10	410
10	411
10	412
10	413
10	414
10	415
10	416
10	417
10	418
10	419
10	420
10	421
10	422
10	423
10	424
10	425
10	426
10	427
10	428
10	429
10	430
11	431
11	432
11	433
11	434
11	435
11	436
11	437
11	438
11	439
11	440
11	441
11	442
11	443
11	444
11	445
11	446
11	447
11	448
11	449
11	450
11	451
11	452
11	453
11	454
11	455
11	456
11	457
11	458
11	459
11	460
11	461
11	462
11	463
11	464
11	465
11	466
11	467
11	468
11	469
11	470
11	471
11	472
11	473
11	474
11	475
11	476
11	477
11	478
11	479
11	480
12	481
12	482
12	483
12	484
12	485
12	486
12	487
12	488
12	489
12	490
12	491
12	492
12	493
12	494
12	495
12	496
12	497
12	498
12	499
12	500
12	501
12	502
12	503
12	504
12	505
12	506
12	507
12	508
12	509
12	510
12	511
12	512
12	513
12	514
12	515
12	516
12	517
12	518
12	519
12	520
12	521
13	522
13	523
13	524
13	525
13	526
13	527
13	528
13	529
13	530
13	531
13	532
13	533
13	534
13	535
13	536
13	537
13	538
13	539
13	540
13	541
13	542
13	543
13	544
13	545
13	546
13	547
13	548
13	549
13	550
13	551
13	552
13	553
13	554
13	555
13	556
13	557
13	558
13	559
13	560
13	561
13	562
13	563
13	564
13	565
13	566
14	567
14	568
14	569
14	570
14	571
14	572
14	573
14	574
14	575
14	576
14	577
14	578
14	579
14	580
14	581
14	582
14	583
14	584
14	585
14	586
14	587
14	588
14	589
14	590
14	591
14	592
14	593
14	594
14	595
14	596
14	597
14	598
14	599
14	600
14	601
14	602
14	603
14	604
14	605
14	606
14	607
14	608
14	609
14	610
14	611
14	612
14	613
14	614
14	615
14	616
14	617
14	618
14	619
14	620
14	621
14	622
14	623
14	624
15	625
15	626
15	627
15	628
15	629
15	630
15	631
15	632
15	633
15	634
15	635
15	636
15	637
15	638
15	639
15	640
15	641
15	642
15	643
15	644
15	645
15	646
15	647
15	648
15	649
15	650
15	651
15	652
15	653
15	654
15	655
15	656
15	657
15	658
16	659
16	660
16	661
16	662
16	663
16	664
16	665
16	666
16	667
16	668
16	669
16	670
16	671
16	672
16	673
16	674
16	675
16	676
16	677
16	678
16	679
16	680
16	681
16	682
16	683
16	684
16	685
16	686
16	687
16	688
16	689
16	690
16	691
16	692
16	693
16	694
16	695
16	696
16	697
16	698
16	699
16	700
16	701
16	702
17	703
17	704
17	705
17	706
17	707
17	708
17	709
17	710
17	711
17	712
17	713
17	714
17	715
17	716
17	717
17	718
17	719
17	720
17	721
17	722
17	723
17	724
17	725
17	726
17	727
17	728
17	729
17	730
17	731
17	732
17	733
17	734
17	735
17	736
17	737
17	738
17	739
17	740
17	741
17	742
17	743
17	744
17	745
17	746
17	747
17	748
17	749
17	750
18	751
18	752
18	753
18	754
18	755
18	756
18	757
18	758
18	759
18	760
18	761
18	762
18	763
18	764
18	765
18	766
18	767
18	768
18	769
18	770
18	771
18	772
18	773
18	774
18	775
18	776
18	777
18	778
18	779
18	780
18	781
18	782
18	783
18	784
18	785
18	786
18	787
18	788
18	789
18	790
18	791
18	792
18	793
18	794
19	795
19	796
19	797
19	798
19	799
19	800
19	801
19	802
19	803
19	804
19	805
19	806
19	807
19	808
19	809
19	810
19	811
19	812
19	813
19	814
19	815
19	816
19	817
19	818
19	819
19	820
19	821
19	822
19	823
19	824
19	825
19	826
19	827
19	828
19	829
19	830
19	831
19	832
19	833
19	834
19	835
19	836
19	837
19	838
19	839
19	840
19	841
19	842
19	843
19	844
19	845
19	846
19	847
19	848
19	849
19	850
19	851
19	852
19	853
19	854
20	855
20	856
20	857
20	858
20	859
20	860
20	861
20	862
20	863
20	864
20	865
20	866
20	867
20	868
20	869
20	870
20	871
20	872
20	873
20	874
20	875
20	876
20	877
20	878
20	879
20	880
20	881
20	882
20	883
20	884
20	885
20	886
20	887
20	888
20	889
20	890
20	891
20	892
20	893
20	894
20	895
20	896
20	897
20	898
20	899
20	900
21	901
21	902
21	903
21	904
21	905
21	906
21	907
21	908
21	909
21	910
21	911
21	912
21	913
21	914
21	915
21	916
21	917
21	918
21	919
21	920
21	921
21	922
21	923
21	924
21	925
21	926
21	927
21	928
21	929
21	930
21	931
21	932
21	933
21	934
21	935
21	936
21	937
21	938
21	939
21	940
21	941
21	942
21	943
21	944
21	945
21	946
21	947
21	948
21	949
21	950
21	951
21	952
21	953
21	954
21	955
21	956
21	957
21	958
21	959
21	960
21	961
21	962
21	963
21	964
21	965
21	966
21	967
21	968
21	969
21	970
21	971
21	972
22	973
22	974
22	975
22	976
22	977
22	978
22	979
22	980
22	981
22	982
22	983
22	984
22	985
22	986
22	987
22	988
22	989
22	990
22	991
22	992
22	993
22	994
22	995
22	996
22	997
22	998
22	999
22	1000
22	1001
22	1002
22	1003
22	1004
