ref	idx	token	oga_id	glaux_id	oga_postag	glaux_postag	gorman_postag	oga_lemma	glaux_lemma	gorman_lemma	mismatch_oga_gorman|mismatch_glaux_gorman|mismatch_oga_glaux
1	1	πολλὰ	t_1	102475086	a-p---na-	a-p---na-		πολύς	πολύς		m|m|
1	2	μὲν	t_2	102475087	d--------	g--------		μέν	μέν		m|m|
1	3	λέγειν	t_3	102475088	v--pna---	v--pna---		λέγω3	λέγω		m|m|
1	4	,	t_4	102475089	u--------	u--------		,	,		m|m|
1	5	ὦ	t_5	102475090	i--------	i--------		ὦ	ὦ		m|m|
1	6	ἄνδρες	t_6	102475091	n-p---mv-	n-p---mv-		ἀνήρ	ἀνήρ		m|m|
1	7	δικασταί	t_7	102475092	n-p---mv-	n-p---mv-		δικαστής	δικαστής		m|m|
1	8	,	t_8	102475093	u--------	u--------		,	,		m|m|
1	9	περὶ	t_9	102475094	r--------	r--------		περί	περί		m|m|
1	10	τουτουὶ	t_10	102475095	a-s---ng-	p-s---ng-		οὗτος	οὗτος		m|m|
1	11	τοῦ	t_11	102475096	l-s---ng-	l-s---ng-		ὁ	ὁ		m|m|
1	12	πράγματος	t_12	102475097	n-s---ng-	n-s---ng-		πρᾶγμα	πρᾶγμα		m|m|
1	13	οὔ	t_13	102475098	d--------	d--------		οὐ	οὐ		m|m|
1	14	τ’	t_14	102475099	d--------	d--------		τε	τε		m|m|
1	15	ἂν	t_15	102475100	d--------	g--------		ἄν	ἄν		m|m|
1	16	δυναίμην	t_16	102475101	v1spoe---	v1spom---		δύναμαι	δύναμαι		m|m|
1	17	οὔ	t_17	102475102	d--------	d--------		οὐ	οὐ		m|m|
1	18	τε	t_18	102475103	c--------	b--------		τε	τε		m|m|
1	19	μοι	t_19	102475104	p-s---md-	p1s---cd-		ἐγώ	ἐγώ		m|m|
1	20	δοκεῖ	t_20	102475105	v3spia---	v3spia---		δοκέω	δοκέω		m|m|
1	21	δεῖν	t_21	102475106	v--pna---	v--pna---		δεῖ	δέω		m|m|@
1	22	·	t_22	102475107	u--------	u--------		·	·		m|m|
1	23	ὡς	t_23	102475108	c--------	c--------		ὡς	ὡς		m|m|
1	24	δὲ	t_24	102475109	d--------	b--------		δέ	δέ		m|m|
1	25	ὀρθῶς	t_25	102475110	d--------	d--------		ὀρθός	ὀρθός		m|m|
1	26	τὴν	t_26	102475111	l-s---fa-	l-s---fa-		ὁ	ὁ		m|m|
1	27	δίκην	t_27	102475112	n-s---fa-	n-s---fa-		δίκη	δίκη		m|m|
1	28	ἔλαχον	t_28	102475113	v1saia---	v1saia---		λαγχάνω	λαγχάνω		m|m|
1	29	τουτῳὶ	t_29	102475114	a-s---md-	p-s---md-		οὗτος	οὗτος		m|m|
1	30	Παγκλέωνι	t_30	102475115	n-s---md-	n-s---md-		πάγκλειος	Παγκλέων		m|m|@
1	31	οὐκ	t_31	102475116	d--------	d--------		οὐ	οὐ		m|m|
1	32	ὄντι	t_32	102475117	v-sppamd-	v-sppamd-		εἰμί	εἰμί		m|m|
1	33	Πλαταιεῖ	t_33	102475118	n-s---md-	n-s---md-		πλαταιεύς	Πλαταιεύς		m|m|
1	34	,	t_34	102475119	u--------	u--------		,	,		m|m|
1	35	τοῦτο	t_35	102475120	p-s---na-	p-s---na-		οὗτος	οὗτος		m|m|
1	36	ὑμῖν	t_36	102475121	p-p---md-	p2p---cd-		σύ	σύ		m|m|
1	37	πειράσομαι	t_37	102475122	v1sfim---	v1sfim---		πειράω	πειράω		m|m|
1	38	ἀποδεῖξαι	t_38	102475123	v--ana---	v--ana---		ἀποδείκνυμι	ἀποδείκνυμι		m|m|
1	39	.	t_39	102475124	u--------	u--------		.	.		m|m|
2	1	ὡς	t_40	102475125	c--------	c--------		ὡς	ὡς		m|m|
2	2	γὰρ	t_41	102475126	d--------	g--------		γάρ	γάρ		m|m|
2	3	ἀδικῶν	t_42	102475127	v-sppamn-	v-sppamn-		ἀδικέω	ἀδικέω		m|m|
2	4	με	t_43	102475128	p1s---ma-	p1s---ca-		ἐγώ	ἐγώ		m|m|
2	5	πολὺν	t_44	102475129	a-s---ma-	a-s---ma-		πολύς	πολύς		m|m|
2	6	χρόνον	t_45	102475130	n-s---ma-	n-s---ma-		χρόνος	χρόνος		m|m|
2	7	οὐκ	t_46	102475131	d--------	d--------		οὐ	οὐ		m|m|
2	8	ἐπαύετο	t_47	102475132	v3siie---	v3siim---		παύω	παύω		m|m|
2	9	,	t_48	102475133	u--------	u--------		,	,		m|m|
2	10	ἐλθὼν	t_49	102475134	v-sapamn-	v-sapamn-		ἔρχομαι	ἔρχομαι		m|m|
2	11	ἐπὶ	t_50	102475135	r--------	r--------		ἐπί	ἐπί		m|m|
2	12	τὸ	t_51	102475136	l-s---na-	l-s---na-		ὁ	ὁ		m|m|
2	13	γναφεῖον	t_52	102475137	n-s---na-	n-s---na-		κναφεῖον	κναφεῖον		m|m|
2	14	,	t_53	102475138	u--------	u--------		,	,		m|m|
2	15	ἐν	t_54	102475139	r--------	r--------		ἐν	ἐν		m|m|
2	16	ᾧ	t_55	102475140	p-s---nd-	p-s---nd-		ὅς	ὅς		m|m|
2	17	εἰργάζετο	t_56	102475141	v3siie---	v3siim---		ἐργάζομαι	ἐργάζομαι		m|m|
2	18	,	t_57	102475142	u--------	u--------		,	,		m|m|
2	19	προσεκαλεσάμην	t_58	102475143	v1saim---	v1saim---		προσκαλέω	προσκαλέω		m|m|
2	20	αὐτὸν	t_59	102475144	p-s---ma-	p-s---ma-		αὐτός	αὐτός		m|m|
2	21	πρὸς	t_60	102475145	r--------	r--------		πρός	πρός		m|m|
2	22	τὸν	t_61	102475146	l-s---ma-	l-s---ma-		ὁ	ὁ		m|m|
2	23	πολέμαρχον	t_62	102475147	n-s---ma-	n-s---ma-		πολέμαρχος	πολέμαρχος		m|m|
2	24	,	t_63	102475148	u--------	u--------		,	,		m|m|
2	25	νομίζων	t_64	102475149	v-sppamn-	v-sppamn-		νομίζω	νομίζω		m|m|
2	26	μέτοικον	t_65	102475150	n-s---ma-	n-s---ma-		μέτοικος	μέτοικος		m|m|
2	27	εἶναι	t_66	102475151	v--pna---	v--pna---		εἰμί	εἰμί		m|m|
2	28	.	t_67	102475152	u--------	u--------		.	.		m|m|
2	29	εἰπόντος	t_68	102475153	v-sapamg-	v-sapamg-		εἶπον	λέγω		m|m|@
2	30	δὲ	t_69	102475154	d--------	b--------		δέ	δέ		m|m|
2	31	τούτου	t_70	102475155	p-s---mg-	p-s---mg-		οὗτος	οὗτος		m|m|
2	32	ὅτι	t_71	102475156	c--------	c--------		ὅτι	ὅτι		m|m|
2	33	Πλαταιεὺς	t_72	102475157	n-s---mn-	n-s---mn-		πλαταιεύς	Πλαταιεύς		m|m|
2	34	εἴη	t_73	102475158	v3spoa---	v3spoa---		εἰμί	εἰμί		m|m|
2	35	,	t_74	102475159	u--------	u--------		,	,		m|m|
2	36	ἠρόμην	t_75	102475160	v1saim---	v1saim---		ἔρομαι	ἔρομαι		m|m|
2	37	ὁπόθεν	t_76	102475161	d--------	d--------		ὁπόθεν	ὁπόθεν		m|m|
2	38	ὁπόθεν	t_77	102475162	v3spoe---	v3spom---		δημοτεύομαι	δημοτεύομαι		m|m|
2	39	Markland:	t_78	102475163	u--------	u--------		,	,		m|m|
2	40	ὁπότε	t_79	102475164	v-sapamg-	v-sapamg-		παραινέω	παραινέω		m|m|
2	41	MSS	t_80	102475165	p-s---mg-	p-s---cg-		τις	τις		m|m|
2	42	.	t_81	102475166	l-p---mg-	l-p---mg-		ὁ	ὁ		m|m|
2	43	δημοτεύοιτο	t_82	102475167	v-pppamg-	v-pppamg-		πάρειμι1	πάρειμι		m|m|
2	44	,	t_83	102475168	v--anm---	v--anm---		προσκαλέω	προσκαλέω		m|m|
2	45	παραινέσαντός	t_84	102475169	d--------	d--------		καί	καί		m|m|
2	46	τινος	t_85	102475170	r--------	r--------		πρός	πρός		m|m|
2	47	τῶν	t_86	102475171	l-s---fa-	l-s---fa-		ὁ	ὁ		m|m|
2	48	παρόντων	t_87	102475172	n-s---fa-	n-s---fa-		φυλή	φυλή		m|m|
2	49	προσκαλέσασθαι	t_88	102475173	u--------	u--------		,	,		m|m|
2	50	καὶ	t_89	102475174	p-s---mg-	p-s---fg-		ὅστις	ὅστις		m|m|
2	51	πρὸς	t_90	102475175	v--pna---	v--pna---		εἰμί	εἰμί		m|m|
2	52	τὴν	t_91	102475176	v3spoe---	v3spom---		σκήπτω	σκήπτω		m|m|
2	53	φυλήν	t_92	102475177	u--------	u--------		.	.		m|m|
2	54	,	t_93	102475178	c--------	c--------		ἐπεί	ἐπειδή		m|m|@
2	55	ἧστινος	t_94	102475179	d--------	b--------		δέ	δέ		m|m|
2	56	εἶναι	t_95	102475180	v3saim---	v3saim---		ἀποκρίνω	ἀποκρίνω		m|m|
2	57	σκήπτοιτο	t_96	102475181	c--------	c--------		ὅτι	ὅτι		m|m|
2	58	.	t_97	102475182	d--------	d--------		δεκελειόθεν	Δεκελειόθεν		m|m|
2	59	ἐπειδὴ	t_98	102475183	u--------	u--------		,	,		m|m|
2	60	δὲ	t_99	102475184	v-sapmmn-	v-sapmmn-		προσκαλέω	προσκαλέω		m|m|
2	61	ἀπεκρίνατο	t_100	102475185	p-s---ma-	p-s---ma-		αὐτός	αὐτός		m|m|
2	62	ὅτι	t_101	102475186	d--------	d--------		καί	καί		m|m|
2	63	Δεκελειόθεν	t_102	102475187	r--------	r--------		πρός	πρός		m|m|
2	64	,	t_103	102475188	l-p---ma-	l-p---ma-		ὁ	ὁ		m|m|
2	65	προσκαλεσάμενος	t_104	102475189	l-s---fd-	l-s---fd-		ὁ	ὁ		m|m|
2	66	αὐτὸν	t_105	102475190	n-s---fd-	n-s---fd-		ἱπποθωντίς	Ἱπποθωντίς		m|m|
2	67	καὶ	t_106	102475191	v-pppama-	v-pppama-		δικάζω	δικάζω		m|m|
2	68	πρὸς	t_107	102475192	u--------	u--------		,	,		m|m|
2	69	τοὺς	t_108	102475193	v-sapamn-	v-sapamn-		ἔρχομαι	ἔρχομαι		m|m|
2	70	τῇ	t_109	102475194	r--------	r--------		ἐπί	ἐπί		m|m|
2	71	Ἱπποθωντίδι	t_110	102475195	l-s---na-	l-s---na-		ὁ	ὁ		m|m|
2	72	δικάζοντας	t_111	102475196	n-s---na-	n-s---na-		κουρεῖον	κουρεῖον		m|m|
2	73	,	t_112	102475197	l-s---na-	l-s---na-		ὁ	ὁ		m|m|
3	1	ἐλθὼν	t_113	102475198	r--------	r--------		παρά	παρά		m|m|
3	2	ἐπὶ	t_114	102475199	l-p---ma-	l-p---ma-		ὁ	ὁ		m|m|
3	3	τὸ	t_115	102475200	n-p---ma-	n-p---ma-		ἑρμᾶς	Ἑρμᾶς		m|m|
3	4	κουρεῖον	t_116	102475201	u--------	u--------		,	,		m|m|
3	5	τὸ	t_117	102475202	p-s---md-	d--------		οἷ	οἷ		m|m|
3	6	παρὰ	t_118	102475203	n-p---mn-	n-p---mn-		δεκελειεύς	Δεκελειεύς		m|m|
3	7	τοὺς	t_119	102475204	v3ppia---	v3ppia---		προσφοιτῶ	προσφοιτάω		m|m|@
3	8	Ἑρμᾶς	t_120	102475205	u--------	u--------		,	,		m|m|
3	9	,	t_121	102475206	v1siia---	v1siia---		ἐρωτάω	ἐρωτάω		m|m|
3	10	οἷ	t_122	102475207	u--------	u--------		,	,		m|m|
3	11	Δεκελειεῖς	t_123	102475208	p-p---ma-	p-p---ma-		ὅς	ὅς		m|m|
3	12	προσφοιτῶσιν	t_124	102475209	c--------	b--------		τε	τε		m|m|
3	13	,	t_125	102475210	v1saoa---	v1spoa---		ἐξευρίσκω	ἐξευρίσκω		m|m|
3	14	ἠρώτων	t_126	102475211	n-p---mg-	n-p---fg-		δεκελειεύς	Δεκέλεια		m|m|@
3	15	,	t_127	102475212	v1siie---	v1siim---		πυνθάνομαι	πυνθάνομαι		m|m|
3	16	οὕς	t_128	102475213	c--------	c--------		εἰ	εἰ		m|m|
3	17	τε	t_129	102475214	a-s---ma-	p-s---ca-		τις	τις		m|m|
3	18	ἐξευρίσκοιμι	t_130	102475215	v3ppoa---	v3ppoa---		γιγνώσκω	γιγνώσκω		m|m|
3	19	Δεκελειέων	t_131	102475216	d--------	d--------		δεκελειόθεν	Δεκελειόθεν		m|m|
3	20	ἐπυνθανόμην	t_132	102475217	v-sppema-	v-sppmma-		δημοτεύομαι	δημοτεύομαι		m|m|
3	21	εἴ	t_133	102475218	n-s---ma-	n-s---ma-		παγκλέων	Παγκλέων		m|m|
3	22	τινα	t_134	102475219	u--------	u--------		.	.		m|m|
3	23	γιγνώσκοιεν	t_135	102475220	c--------	c--------		ἐπεί	ἐπειδή		m|m|@
3	24	Δεκελειόθεν	t_136	102475221	d--------	b--------		δέ	δέ		m|m|
3	25	δημοτευόμενον	t_137	102475222	p-s---mn-	p-s---mn-		οὐδείς	οὐδείς		m|m|
3	26	Παγκλέωνα	t_138	102475223	v3siia---	v3siia---		φάσκω	φάσκω		m|m|
3	27	.	t_139	102475224	v--pna---	v--pna---		γιγνώσκω	γιγνώσκω		m|m|
3	28	ἐπειδὴ	t_140	102475225	p-s---ma-	p-s---ma-		αὐτός	αὐτός		m|m|
3	29	δὲ	t_141	102475226	u--------	u--------		,	,		m|m|
3	30	οὐδεὶς	t_142	102475227	v-sapmmn-	v-sapmmn-		πυνθάνομαι	πυνθάνομαι		m|m|
3	31	ἔφασκεν	t_143	102475228	c--------	c--------		ὅτι	ὅτι		m|m|
3	32	γιγνώσκειν	t_144	102475229	d--------	d--------		καί	καί		m|m|
3	33	αὐτόν	t_145	102475230	a-p---fa-	a-p---fa-		ἕτερος	ἕτερος		m|m|
3	34	,	t_146	102475231	n-p---fa-	n-p---fa-		δίκη	δίκη		m|m|
3	35	πυθόμενος	t_147	102475232	l-p---fa-	l-p---fa-		ὁ	ὁ		m|m|
3	36	ὅτι	t_148	102475233	d--------	g--------		μέν	μέν		m|m|
3	37	καὶ	t_149	102475234	v3spoa---	v3spoa---		φεύγω	φεύγω		m|m|
3	38	ἑτέρας	t_150	102475235	l-p---fa-	l-p---fa-		ὁ	ὁ		m|m|
3	39	δίκας	t_151	102475236	c--------	b--------		δέ	δέ		m|m|
3	40	τὰς	t_152	102475237	v3sroa---	v3sroa---		ὀφλισκάνω	ὀφλισκάνω		m|m|
3	41	μὲν	t_153	102475238	r--------	r--------		παρά	παρά		m|m|
3	42	φεύγοι	t_154	102475239	l-s---md-	l-s---md-		ὁ	ὁ		m|m|
3	43	τὰς	t_155	102475240	n-s---md-	n-s---md-		πολέμαρχος	πολέμαρχος		m|m|
3	44	δʼ	t_156	102475241	v1saia---	v1saia---		λαγχάνω	λαγχάνω		m|m|
3	45	ὠφλήκοι	t_157	102475242	d--------	d--------		καί	καί		m|m|
3	46	παρὰ	t_158	102475243	p1s---mn-	p1s---cn-		ἐγώ	ἐγώ		m|m|
3	47	τῷ	t_159	102475244	u--------	u--------		.	.		m|m|
3	48	πολεμάρχῳ	t_160	102475245	a-s---na-	a-s---nac		πρῶτος	πρότερος		m|m|@
3	49	ἔλαχον	t_161	102475246	d--------	g--------		μέν	μέν		m|m|
3	50	καὶ	t_162	102475247	d--------	g--------		οὖν	οὖν		m|m|
3	51	ἐγώ	t_163	102475248	p-p---md-	p2p---cd-		σύ	σύ		m|m|
3	52	.	t_164	102475249	n-p---mg-	n-p---mg-		δεκελειεύς	Δεκελειεύς		m|m|
4	1	πρῶτον	t_165	102475250	p-p---ma-	p-p---ma-		ὅς	ὅς		m|m|
4	2	μὲν	t_166	102475251	v1saim---	v1saim---		ἔρομαι	ἔρομαι		m|m|
4	3	οὖν	t_167	102475252	n-p---ma-	n-p---ma-		μάρτυς	μάρτυς		m|m|
4	4	ὑμῖν	t_168	102475253	v1sfim---	v1sfim---		παρέχω	παρέχω		m|m|
4	5	Δεκελειέων	t_169	102475254	u--------	u--------		,	,		m|m|
4	6	οὓς	t_170	102475255	d--------	d--------		ἔπειτα	ἔπειτα		m|m|
4	7	ἠρόμην	t_171	102475256	c--------	b--------		δέ	δέ		m|m|
4	8	μάρτυρας	t_172	102475257	d--------	d--------		καί	καί		m|m|
4	9	παρέξομαι	t_173	102475258	l-p---mg-	l-p---mg-		ὁ	ὁ		m|m|
4	10	,	t_174	102475259	p-p---mg-	p-p---mg-		ἄλλος	ἄλλος		m|m|
4	11	ἔπειτα	t_175	102475260	l-p---mg-	l-p---mg-		ὁ	ὁ		m|m|
4	12	δὲ	t_176	102475261	v-papamg-	v-papamg-		λαγχάνω	λαγχάνω		m|m|
4	13	καὶ	t_177	102475262	d--------	b--------		τε	τε		m|m|
4	14	τῶν	t_178	102475263	n-p---fa-	n-p---fa-		δίκη	δίκη		m|m|
4	15	ἄλλων	t_179	102475264	p-s---md-	p-s---md-		αὐτός	αὐτός		m|m|
4	16	τῶν	t_180	102475265	r--------	r--------		πρός	πρός		m|m|
4	17	λαχόντων	t_181	102475266	l-s---ma-	l-s---ma-		ὁ	ὁ		m|m|
4	18	τε	t_182	102475267	n-s---ma-	n-s---ma-		πολέμαρχος	πολέμαρχος		m|m|
4	19	δίκας	t_183	102475268	c--------	b--------		καί	καί		m|m|
4	20	αὐτῷ	t_184	102475269	v-papmmg-	v-papmmg-		καταδικάζω	καταδικάζω		m|m|
4	21	πρὸς	t_185	102475270	u--------	u--------		,	,		m|m|
4	22	τὸν	t_186	102475271	a-p---mn-	p-p---mn-		ὅσος	ὅσος		m|m|
4	23	πολέμαρχον	t_187	102475272	v3ppia---	v3ppia---		τυγχάνω	τυγχάνω		m|m|
4	24	καὶ	t_188	102475273	v-pppamn-	v-pppamn-		πάρειμι1	πάρειμι		m|m|
4	25	καταδικασαμένων	t_189	102475274	u--------	u--------		.	.		m|m|
4	26	,	t_190	102475275	d--------	b--------		καί	καί		m|m|
4	27	ὅσοι	t_191	102475276	p1s---md-	p1s---cd-		ἐγώ	ἐγώ		m|m|
4	28	τυγχάνουσι	t_192	102475277	v2sama---	v2sama---		ἐπιλαμβάνω	ἐπιλαμβάνω		m|m|
4	29	παρόντες	t_193	102475278	l-s---na-	l-s---na-		ὁ	ὁ		m|m|
4	30	.	t_194	102475279	n-s---na-	n-s---na-		ὕδωρ	ὕδωρ		m|m|
4	31	καί	t_195	102475280	u--------	u--------		.	.		m|m|
4	32	μοι	t_196	102475281	n-p---mn-	r--------		μάρτυς	ἐκ		m|m|@
4	33	ἐπίλαβε	t_197	102475282	r--------	g--------		ἐκ	μέν		m|m|@
4	34	τὸ	t_198	102475283	d--------	p-p---ng-		μέν	οὗτος		m|m|@
4	35	ὕδωρ	t_199	102475284	p-p---ng-	v-sappmn-		οὗτος	πείθω		m|m|@
4	36	.	t_200	102475285	v-sappmn-	r--------		πείθω	πρός		m|m|@
5	1	Μάρτυρες	t_201	102475286	r--------	l-s---ma-		πρός	ὁ		m|m|@
5	1	ἐκ	t_202	102475287	l-s---ma-	n-s---ma-		ὁ	πολέμαρχος		m|m|@
5	2	μὲν	t_203	102475288	n-s---ma-	p-s---md-		πολέμαρχος	αὐτός		m|m|@
5	3	τούτων	t_204	102475289	p-s---ma-	l-s---fa-		αὐτός	ὁ		m|m|@
5	4	πεισθεὶς	t_205	102475290	u--------	n-s---fa-		·	δίκη		m|m|@
5	5	πρὸς	t_206	102475291	l-s---fa-	v1saia---		ὁ	λαγχάνω		m|m|@
5	6	τὸν	t_207	102475292	n-s---fa-	u--------		δίκη	·		m|m|@
5	7	πολέμαρχον	t_208	102475293	v1saia---	c--------		λαγχάνω	ἐπειδή		m|m|@
5	8	αὐτῶ	t_209	102475294	u--------	b--------		·	δέ		m|m|@
5	9	·	t_210	102475295	c--------	p1s---cd-		ἐπεί	ἐγώ		m|m|@
5	10	τὴν	t_211	102475296	d--------	p-s---fa-		δέ	αὐτός		m|m|@
5	11	δίκην	t_212	102475297	p1s---md-	v3saim---		ἐγώ	ἀντιγράφω		m|m|@
5	12	ἔλαχον	t_213	102475298	p-s---fa-	d--------		αὐτός	μή		m|m|@
5	13	·	t_214	102475299	v3saim---	a-s---fa-		ἀναγράφω	εἰσαγώγιμος		m|m|@
5	14	ἐπειδὴ	t_215	102475300	d--------	v--pna---		μή	εἰμί		m|m|@
5	15	δέ	t_216	102475301	a-s---fa-	u--------		εἰσαγώγιμος	,		m|m|@
5	16	μοι	t_217	102475302	v--pna---	r--------		εἰμί	περί		m|m|@
5	17	αὐτὴν	t_218	102475303	u--------	a-s---ng-		,	πολύς		m|m|@
5	18	ἀντεγράψατο	t_219	102475304	r--------	v-sppmmn-		περί	ποιέω		m|m|@
5	19	μὴ	t_220	102475305	a-s---ng-	p-s---md-		πολύς	μηδείς		m|m|@
5	20	εἰσαγώγιμον	t_221	102475306	v-sppemn-	n-s---fd-		ποιέω	δόξα		m|m|@
5	21	εἶναι	t_222	102475307	p-s---md-	v--pna---		μηδείς	ὑβρίζω		m|m|@
5	22	,	t_223	102475308	v--ana---	v--pnm---		δοκέω	βούλομαι		m|m|@
5	23	περὶ	t_224	102475309	v--pna---	d-------c		ὑβρίζω	μάλα		m|m|@
5	24	πολλοῦ	t_225	102475310	v--pne---	c--------		βούλομαι	ἤ		m|m|@
5	25	ποιούμενος	t_226	102475311	d--------	n-s---fa-		μᾶλλον	δίκη		m|m|@
5	26	μηδενὶ	t_227	102475312	c--------	v--ana---		ἤ1	λαμβάνω		m|m|@
5	27	δόξαι	t_228	102475313	n-s---fa-	p-p---ng-		δίκη	ὅς		m|m|@
5	28	ὑβρίζειν	t_229	102475314	v--ana---	v1saip---		λαμβάνω	ἀδικέω		m|m|@
5	29	βούλεσθαι	t_230	102475315	p-p---ng-	u--------		ὅς	,		m|m|@
5	30	μᾶλλον	t_231	102475316	v1saip---	a-s---nac		ἀδικέω	πρότερος		m|m|@
5	31	ἢ	t_232	102475317	u--------	g--------		,	μέν		m|m|@
5	32	δίκην	t_233	102475318	a-s---na-	n-s---ma-		πρῶτος	Εὐθύκριτος		m|m|@
5	33	λαβεῖν	t_234	102475319	d--------	u--------		μέν	,		m|m|@
5	34	ὧν	t_235	102475320	n-s---ma-	p-s---ma-		εὐθύκριτος	ὅς		m|m|@
5	35	ἠδικήθην	t_236	102475321	u--------	a-s---mas		,	πρέσβυς		m|m|@
5	36	,	t_237	102475322	p-s---ma-	b--------		ὅς	τε		m|m|@
5	37	πρῶτον	t_238	102475323	a-s---ma-	n-p---mg-		πρέσβυς	Πλαταιεύς		m|m|@
5	38	μὲν	t_239	102475324	d--------	v1siia---		τε	γιγνώσκω		m|m|@
5	39	Εὐθύκριτον	t_240	102475325	n-p---mg-	b--------		πλαταιεύς	καί		m|m|@
5	40	,	t_241	102475326	v1siia---	d-------s		γιγνώσκω	μάλα		m|m|@
5	41	ὃν	t_242	102475327	c--------	v1siim---		καί	οἴομαι		m|m|@
5	42	πρεσβύτατόν	t_243	102475328	d--------	v--rna---		μάλιστα	οἶδα		m|m|@
5	43	τε	t_244	102475329	v1siie---	u--------		οἴομαι	,		m|m|@
5	44	Πλαταιέων	t_245	102475330	v--rna---	v1saim---		οἶδα	ἔρομαι		m|m|@
5	45	ἐγίγνωσκον	t_246	102475331	u--------	c--------		,	εἰ		m|m|@
5	46	καὶ	t_247	102475332	v1saim---	p-s---ca-		ἔρομαι	τις		m|m|@
5	47	μάλιστα	t_248	102475333	c--------	v3spoa---		εἰ	γιγνώσκω		m|m|@
5	48	ὠόμην	t_249	102475334	a-s---ma-	n-s---mg-		τις	Ἱππαρμόδωρος		m|m|@
5	49	εἰδέναι	t_250	102475335	v3spoa---	n-s---ma-		γιγνώσκω	υἱός		m|m|@
5	50	,	t_251	102475336	n-s---mg-	n-s---ma-		ἱππαρμόδωρος	Παγκλέων		m|m|@
5	51	ἠρόμην	t_252	102475337	n-s---ma-	n-s---ma-		υἱός	Πλαταιεύς		m|m|@
5	52	εἴ	t_253	102475338	n-s---ma-	u--------		παγκλέων	·		m|m|@
5	53	τινα	t_254	102475339	n-s---ma-	d--------		πλαταιεύς	ἔπειτα		m|m|@
5	54	γιγνώσκοι	t_255	102475340	u--------	b--------		·	δέ		m|m|@
5	55	Ἱππαρμοδώρου	t_256	102475341	d--------	u--------		ἔπειτα	,		m|m|@
5	56	ὑὸν	t_257	102475342	d--------	c--------		δέ	ἐπειδή		m|m|@
5	57	Παγκλέωνα	t_258	102475343	u--------	p-s---mn-		,	ἐκεῖνος		m|m|@
5	58	Πλαταιέα	t_259	102475344	c--------	v3saim---		ἐπεί	ἀποκρίνω		m|m|@
5	59	·	t_260	102475345	p-s---mn-	p1s---cd-		ἐκεῖνος	ἐγώ		m|m|@
6	1	ἔπειτα	t_261	102475346	v3saim---	c--------		ἀποκρίνω	ὅτι		m|m|@
6	2	δέ	t_262	102475347	p1s---md-	l-s---ma-		ἐγώ	ὁ		m|m|@
6	3	,	t_263	102475348	c--------	n-s---ma-		ὅτι	Ἱππαρμόδωρος		m|m|@
6	4	ἐπειδὴ	t_264	102475349	l-s---ma-	g--------		ὁ	μέν		m|m|@
6	5	ἐκεῖνος	t_265	102475350	n-s---ma-	v3spoa---		ἱππαρμόδωρος	γιγνώσκω		m|m|@
6	6	ἀπεκρίνατό	t_266	102475351	d--------	u--------		μέν	,		m|m|@
6	7	μοι	t_267	102475352	v3spoa---	n-s---ma-		γιγνώσκω	υἱός		m|m|@
6	8	ὅτι	t_268	102475353	u--------	b--------		,	δέ		m|m|@
6	9	τὸν	t_269	102475354	n-s---ma-	p-s---md-		υἱός	ἐκεῖνος		m|m|@
6	10	Ἱππαρμόδωρον	t_270	102475355	c--------	p-s---ma-		δέ	οὐδείς		m|m|@
6	11	μὲν	t_271	102475356	p-s---md-	d--------		ἐκεῖνος	οὐ		m|m|@
6	12	γιγνώσκοι	t_272	102475357	a-s---ma-	b--------		οὐδείς	τε		m|m|@
6	13	,	t_273	102475358	d--------	n-s---ma-		οὐ	Παγκλέων		m|m|@
6	14	ὑὸν	t_274	102475359	d--------	d--------		τε	οὐ		m|m|@
6	15	δὲ	t_275	102475360	n-s---ma-	b--------		παγκλέων	τε		m|m|@
6	16	ἐκείνῳ	t_276	102475361	d--------	p-s---ma-		οὐ	ἄλλος		m|m|@
6	17	οὐδένα	t_277	102475362	c--------	p-s---ma-		τε	οὐδείς		m|m|@
6	18	οὔ	t_278	102475363	a-s---ma-	v3sroa---		ἄλλος	οἶδα		m|m|@
6	19	τε	t_279	102475364	a-s---ma-	v-sppama-		οὐδείς	εἰμί		m|m|@
6	20	Παγκλέωνα	t_280	102475365	v3sroa---	u--------		οἶδα	,		m|m|@
6	21	οὔ	t_281	102475366	v-sppama-	v1siia---		εἰμί	ἐρωτάω		m|m|@
6	22	τε	t_282	102475367	u--------	g--------		,	δή		m|m|@
6	23	ἄλλον	t_283	102475368	v3piia---	d--------		ἐρωτάω	καί		m|m|@
6	24	οὐδένα	t_284	102475369	d--------	l-p---mg-		δή	ὁ		m|m|@
6	25	εἰδείη	t_285	102475370	d--------	p-p---mg-		καί	ἄλλος		m|m|@
6	26	ὄντα	t_286	102475371	l-p---mg-	p-p---ma-		ὁ	ὅσος		m|m|@
6	27	,	t_287	102475372	p-p---mg-	v1slia---		ἄλλος	οἶδα		m|m|@
6	28	ἠρώτων	t_288	102475373	a-p---ma-	n-p---ma-		ὅσος	Πλαταιεύς		m|m|@
6	29	δὴ	t_289	102475374	v3slia---	v-pppama-		οἶδα	εἰμί		m|m|@
6	30	καὶ	t_290	102475375	n-p---ma-	u--------		πλαταιεύς	.		m|m|@
6	31	τῶν	t_291	102475376	v-pppama-	a-p---mn-		εἰμί	πᾶς		m|m|@
6	32	ἄλλων	t_292	102475377	u--------	g--------		.	οὖν		m|m|@
6	33	ὅσους	t_293	102475378	a-p---mn-	v-pppamn-		πᾶς	ἀγνοέω		m|m|@
6	34	ᾔδη	t_294	102475379	d--------	l-s---na-		οὖν	ὁ		m|m|@
6	35	Πλαταιέας	t_295	102475380	v-pppamn-	n-s---na-		ἀγνοέω	ὄνομα		m|m|@
6	36	ὄντας	t_296	102475381	l-s---na-	p-s---mg-		ὁ	αὐτός		m|m|@
6	37	.	t_297	102475382	n-s---na-	u--------		ὄνομα	,		m|m|@
6	38	πάντες	t_298	102475383	p-s---mg-	a-p---nas		αὐτός	ἀκριβής		m|m|@
6	39	οὖν	t_299	102475384	u--------	g--------		,	ἄν		m|m|@
6	40	ἀγνοοῦντες	t_300	102475385	a-p---nas	v3paia---		ἀκριβής	φημί		m|m|@
6	41	τὸ	t_301	102475386	d--------	p1s---ca-		ἄν	ἐγώ		m|m|@
6	42	ὄνομα	t_302	102475387	v3paia---	v--anm---		φημί	πυνθάνομαι		m|m|@
6	43	αὐτοῦ	t_303	102475388	p-s---ma-	v-sapama-		ἐγώ	ἔρχομαι		m|m|@
6	44	,	t_304	102475389	v--anm---	r--------		πυνθάνομαι	εἰς		m|m|@
6	45	ἀκριβέστατα	t_305	102475390	v-sapama-	l-s---ma-		ἔρχομαι	ὁ		m|m|@
6	46	ἂν	t_306	102475391	r--------	a-s---ma-		εἰς	χλωρός		m|m|@
6	47	ἔφασάν	t_307	102475392	l-s---ma-	n-s---ma-		ὁ	τυρός		m|m|@
6	48	με	t_308	102475393	a-s---ma-	l-s---fd-		χλωρός	ὁ		m|m|@
6	49	πυθέσθαι	t_309	102475394	n-s---ma-	a-s---fd-		τυρός	ἕνος		m|m|@
6	50	ἐλθόντα	t_310	102475395	l-s---fd-	b--------		ὁ	καί		m|m|@
6	51	εἰς	t_311	102475396	a-s---fd-	a-s---fd-		ἕνος	νέος		m|m|@
6	52	τὸν	t_312	102475397	c--------	u--------		καί	·		m|m|@
6	53	χλωρὸν	t_313	102475398	a-p---na-	p-s---fd-		νέος	οὗτος		m|m|@
6	54	τυρὸν	t_314	102475399	u--------	g--------		·	γάρ		m|m|@
6	55	τῇ	t_315	102475400	a-s---fd-	l-s---fd-		οὗτος	ὁ		m|m|@
6	56	ἕνῃ	t_316	102475401	d--------	n-s---fd-		γάρ	ἡμέρα		m|m|@
6	57	καὶ	t_317	102475402	l-s---fd-	l-s---mg-		ὁ	ὁ		m|m|
6	58	νέα	t_318	102475403	n-s---fd-	n-s---mg-		ἡμέρα	μείς		m|m|@
6	59	·	t_319	102475404	l-s---mg-	a-s---mg-		ὁ	ἕκαστος		m|m|@
6	60	ταύτῃ	t_320	102475405	n-s---mg-	d--------		μείς	ἐκεῖσε		m|m|@
6	61	γὰρ	t_321	102475406	a-s---mg-	v--pnm---		ἕκαστος	συλλέγω		m|m|@
6	62	τῇ	t_322	102475407	d--------	l-p---ma-		ἐκεῖσε	ὁ		m|m|@
6	63	ἡμέρᾳ	t_323	102475408	v--pne---	n-p---ma-		συλλέγω	Πλαταιεύς		m|m|@
6	64	τοῦ	t_324	102475409	l-p---ma-	u--------		ὁ	.		m|m|@
6	65	μηνὸς	t_325	102475410	n-p---ma-	v-sapamn-		πλαταιεύς	ἔρχομαι		m|m|@
6	66	ἑκάστου	t_326	102475411	u--------	g--------		.	οὖν		m|m|@
6	67	ἐκεῖσε	t_327	102475412	v-sapamn-	r--------		ἔρχομαι	εἰς		m|m|@
6	68	συλλέγεσθαι	t_328	102475413	d--------	l-s---ma-		οὖν	ὁ		m|m|@
6	69	τοὺς	t_329	102475414	r--------	n-s---ma-		εἰς	τυρός		m|m|@
6	70	Πλαταιέας	t_330	102475415	l-s---ma-	p-s---fd-		ὁ	οὗτος		m|m|@
6	71	.	t_331	102475416	n-s---ma-	l-s---fd-		τυρός	ὁ		m|m|@
7	1	ἐλθὼν	t_332	102475417	a-s---fd-	n-s---fd-		οὗτος	ἡμέρα		m|m|@
7	2	οὖν	t_333	102475418	l-s---fd-	v1siim---		ὁ	πυνθάνομαι		m|m|@
7	3	εἰς	t_334	102475419	n-s---fd-	p-p---mg-		ἡμέρα	αὐτός		m|m|@
7	4	τὸν	t_335	102475420	v1siie---	u--------		πυνθάνομαι	,		m|m|@
7	5	τυρὸν	t_336	102475421	p-p---mg-	c--------		αὐτός	εἰ		m|m|@
7	6	ταύτῃ	t_337	102475422	u--------	p-s---ca-		,	τις		m|m|@
7	7	τῇ	t_338	102475423	c--------	v3ppoa---		εἰ	γιγνώσκω		m|m|@
7	8	ἡμέρᾳ	t_339	102475424	a-s---ma-	n-s---ma-		τις	Παγκλέων		m|m|@
7	9	ἐπυνθανόμην	t_340	102475425	v3ppoa---	n-s---ma-		γιγνώσκω	πολίτης		m|m|@
7	10	αὐτῶν	t_341	102475426	n-s---ma-	a-s---ma-		παγκλέων	σφέτερος		m|m|@
7	11	,	t_342	102475427	n-s---ma-	u--------		πολίτης	.		m|m|@
7	12	εἴ	t_343	102475428	a-s---ma-	b--------		σφέτερος	καί		m|m|@
7	13	τινα	t_344	102475429	u--------	l-p---mn-		.	ὁ		m|m|@
7	14	γιγνώσκοιεν	t_345	102475430	d--------	g--------		καί	μέν		m|m|@
7	15	Παγκλέωνα	t_346	102475431	l-p---mn-	p-p---mn-		ὁ	ἄλλος		m|m|@
7	16	πολίτην	t_347	102475432	d--------	d--------		μέν	οὐ		m|m|@
7	17	σφέτερον	t_348	102475433	p-p---mn-	v3paia---		ἄλλος	φημί		m|m|@
7	18	.	t_349	102475434	d--------	v--pna---		οὐ	γιγνώσκω		m|m|@
7	19	καὶ	t_350	102475435	v3piia---	u--------		φημί	,		m|m|@
7	20	οἱ	t_351	102475436	v--pna---	m-s---mn-		γιγνώσκω	εἷς		m|m|@
7	21	μὲν	t_352	102475437	u--------	b--------		,	δέ		m|m|@
7	22	ἄλλοι	t_353	102475438	a-s---mn-	p-s---cn-		εἷς	τις		m|m|@
7	23	οὐκ	t_354	102475439	c--------	v3saia---		δέ	λέγω		m|m|@
7	24	ἔφασαν	t_355	102475440	p-s---mn-	c--------		τις	ὅτι		m|m|@
7	25	γιγνώσκειν	t_356	102475441	v3saia---	l-p---mg-		λέγω	ὁ		m|m|@
7	26	,	t_357	102475442	c--------	g--------		ὅτι	μέν		m|m|@
7	27	εἷς	t_358	102475443	l-p---mg-	n-p---mg-		ὁ	πολίτης		m|m|@
7	28	δέ	t_359	102475444	d--------	p-s---md-		μέν	οὐδείς		m|m|@
7	29	τις	t_360	102475445	n-p---mg-	v3sroa---		πολίτης	οἶδα		m|m|@
7	30	εἶπεν	t_361	102475446	p-s---md-	p-s---na-		οὐδείς	οὗτος		m|m|@
7	31	ὅτι	t_362	102475447	v3sroa---	v-sppana-		οἶδα	εἰμί		m|m|@
7	32	τῶν	t_363	102475448	a-s---na-	l-s---na-		οὗτος	ὁ		m|m|@
7	33	μὲν	t_364	102475449	p-p---mg-	n-s---na-		εἰμί	ὄνομα		m|m|@
7	34	πολιτῶν	t_365	102475450	l-s---nn-	u--------		ὁ	,		m|m|@
7	35	οὐδενὶ	t_366	102475451	n-s---na-	n-s---ma-		ὄνομα	δοῦλος		m|m|@
7	36	εἰδείη	t_367	102475452	u--------	b--------		,	μέντοι		m|m|@
7	37	τοῦτο	t_368	102475453	n-s---ma-	v3siia---		δοῦλος	φημί		m|m|@
7	38	ὂν	t_369	102475454	d--------	p-s---mg-		μέντοι	ἑαυτοῦ		m|m|@
7	39	τὸ	t_370	102475455	v3siia---	v-srpama-		φημί	ἀφίστημι		m|m|@
7	40	ὄνομα	t_371	102475456	p-s---mg-	v--pna---		ἑαυτοῦ	εἰμί		m|m|@
7	41	,	t_372	102475457	v-srpama-	n-s---ma-		ἀφεστήξω	Παγκλέων		m|m|@
7	42	δοῦλον	t_373	102475458	v--pna---	u--------		εἰμί	,		m|m|@
7	43	μέντοι	t_374	102475459	n-s---ma-	l-s---fa-		παγκλέων	ὁ		m|m|@
7	44	ἔφη	t_375	102475460	u--------	b--------		,	τε		m|m|@
7	45	ἑαυτοῦ	t_376	102475461	l-s---fa-	n-s---fa-		ὁ	ἡλικία		m|m|@
7	46	ἀφεστῶτα	t_377	102475462	d--------	v-sppamn-		τε	λέγω		m|m|@
7	47	εἶναι	t_378	102475463	n-s---fa-	l-s---fa-		ἡλικία	ὁ		m|m|@
7	48	Παγκλέωνα	t_379	102475464	v-sppamn-	p-s---mg-		λέγω3	οὗτος		m|m|@
7	49	,	t_380	102475465	l-s---fa-	b--------		ὁ	καί		m|m|@
8	1	τήν	t_381	102475466	p-s---mg-	l-s---fa-		οὗτος	ὁ		m|m|@
8	2	τε	t_382	102475467	c--------	n-s---fa-		καί	τέχνη		m|m|@
8	3	ἡλικίαν	t_383	102475468	l-s---fa-	p-s---fd-		ὁ	ὅς		m|m|@
8	4	λέγων	t_384	102475469	n-s---fa-	p-s---mn-		τέχνη	οὗτος		m|m|@
8	5	τὴν	t_385	102475470	p-s---fd-	v3spim---		ὅς	χράω		m|m|@
8	6	τούτου	t_386	102475471	p-s---mn-	u--------		οὗτος	.		m|m|@
8	7	καὶ	t_387	102475472	v3spie---	p-p---nn-		χράομαι	οὗτος		m|m|@
8	8	τὴν	t_388	102475473	u--------	g--------		.	οὖν		m|m|@
8	9	τέχνην	t_389	102475474	p-p---nn-	c--------		οὗτος	ὡς		m|m|@
8	10	ᾗ	t_390	102475475	d--------	a-p---nn-		οὖν	ἀληθής		m|m|@
8	11	οὗτος	t_391	102475476	c--------	v3spia---		ὡς	εἰμί		m|m|@
8	12	χρῆται	t_392	102475477	a-p---nn-	u--------		ἀληθής	,		m|m|@
8	13	.	t_393	102475478	v3spia---	l-s---ma-		εἰμί	ὁ		m|m|@
8	14	ταῦτʼ	t_394	102475479	u--------	b--------		,	τε		m|m|@
8	15	οὖν	t_395	102475480	l-s---ma-	n-s---ma-		ὁ	Εὐθύκριτος		m|m|@
8	16	ὡς	t_396	102475481	d--------	u--------		τε	,		m|m|@
8	17	ἀληθῆ	t_397	102475482	n-s---ma-	p-s---ma-		εὐθύκριτος	ὅς		m|m|@
8	18	ἐστι	t_398	102475483	u--------	a-s---nac		,	πρότερος		m|m|@
8	19	,	t_399	102475484	p-s---ma-	v1saim---		ὅς	ἔρομαι		m|m|@
8	20	τόν	t_400	102475485	a-s---na-	u--------		πρῶτος	,		m|m|@
8	21	τε	t_401	102475486	v1saim---	b--------		ἔρομαι	καί		m|m|@
8	22	Εὐθύκριτον	t_402	102475487	u--------	l-p---mg-		,	ὁ		m|m|@
8	23	,	t_403	102475488	d--------	p-p---mg-		καί	ἄλλος		m|m|@
8	24	ὃν	t_404	102475489	l-p---mg-	n-p---mg-		ὁ	Πλαταιεύς		m|m|@
8	25	πρῶτον	t_405	102475490	a-p---mg-	p-p---md-		ἄλλος	ὅσος		m|m|@
8	26	ἠρόμην	t_406	102475491	n-p---mg-	v1saia---		πλαταιεύς	προσέρχομαι		m|m|@
8	27	,	t_407	102475492	a-p---md-	u--------		ὅσος	,		m|m|@
8	28	καὶ	t_408	102475493	v3paia---	b--------		προσέρχομαι	καί		m|m|@
8	29	τῶν	t_409	102475494	u--------	l-s---ma-		,	ὁ		m|m|@
8	30	ἄλλων	t_410	102475495	c--------	p-s---mn-		καί	ὅς		m|m|@
8	31	Πλαταιέων	t_411	102475496	l-s---ma-	v3siia---		ὁ	φημί		m|m|@
8	32	ὅσοις	t_412	102475497	p-s---mn-	n-s---mn-		ὅς	δεσπότης		m|m|@
8	33	προσῆλθον	t_413	102475498	v3siia---	p-s---mg-		φημί	οὗτος		m|m|@
8	34	,	t_414	102475499	n-s---mn-	v--pna---		δεσπότης	εἰμί		m|m|@
8	35	καὶ	t_415	102475500	p-s---mg-	u--------		οὗτος	,		m|m|@
8	36	τὸν	t_416	102475501	v--pna---	n-p---ma-		εἰμί	μάρτυς		m|m|@
8	37	ὃς	t_417	102475502	u--------	v1sfim---		,	παρέχω		m|m|@
8	38	ἔφη	t_418	102475503	n-p---ma-	u--------		μάρτυς	.		m|m|@
8	39	δεσπότης	t_419	102475504	v1sfim---	b--------		παρέχω	καί		m|m|@
8	40	τούτου	t_420	102475505	u--------	p1s---cd-		.	ἐγώ		m|m|@
8	41	εἶναι	t_421	102475506	d--------	v2sama---		καί	ἐπιλαμβάνω		m|m|@
8	42	,	t_422	102475507	p1s---md-	l-s---na-		ἐγώ	ὁ		m|m|@
8	43	μάρτυρας	t_423	102475508	v2sama---	n-s---na-		ἐπιλαμβάνω	ὕδωρ		m|m|@
8	44	παρέξομαι	t_424	102475509	l-s---na-	u--------		ὁ	.		m|m|@
8	45	.	t_425	102475510	n-s---na-	n-p---fd-		ὕδωρ	ἡμέρα		m|m|@
8	46	καί	t_426	102475511	u--------	g--------		.	τοίνυν		m|m|@
8	47	μοι	t_427	102475512	n-p---mn-	r--------		μάρτυς	μετά		m|m|@
8	48	ἐπίλαβε	t_428	102475513	n-p---fd-	p-p---na-		ἡμέρα	οὗτος		m|m|@
8	49	τὸ	t_429	102475514	d--------	d--------		τοίνυν	οὐ		m|m|@
8	50	ὕδωρ	t_430	102475515	r--------	a-p---fd-		μετά	πολύς		m|m|@
8	51	.	t_431	102475516	p-p---na-	d-------c		οὗτος	ὕστερος		m|m|@
9	1	Μάρτυρες	t_432	102475517	d--------	v-sapamn-		οὐ	ὁράω		m|m|@
9	1	ἡμέραις	t_433	102475518	a-p---fd-	v-sppmma-		πολύς	ἄγω		m|m|@
9	2	τοίνυν	t_434	102475519	a-s---na-	p-s---ma-		ὕστερος	οὗτος		m|m|@
9	3	μετὰ	t_435	102475520	v-sapamn-	n-s---ma-		εἶδον	Παγκλέων		m|m|@
9	4	ταῦτα	t_436	102475521	v-sppema-	r--------		ἄγω	ὑπό		m|m|@
9	5	οὐ	t_437	102475522	a-s---ma-	n-s---mg-		οὗτος	Νικομήδης		m|m|@
9	6	πολλαῖς	t_438	102475523	n-s---ma-	u--------		παγκλέων	,		m|m|@
9	7	ὕστερον	t_439	102475524	r--------	p-s---mn-		ὑπό	ὅς		m|m|@
9	8	ἰδὼν	t_440	102475525	n-s---mg-	v3saia---		νικομήδης	μαρτυρέω		m|m|@
9	9	ἀγόμενον	t_441	102475526	u--------	p-s---mg-		,	αὐτός		m|m|@
9	10	τουτονὶ	t_442	102475527	p-s---mn-	n-s---mn-		ὅς	δεσπότης		m|m|@
9	11	Παγκλέωνα	t_443	102475528	v3saia---	v--pna---		μαρτυρέω	εἰμί		m|m|@
9	12	ὑπὸ	t_444	102475529	p-s---mg-	u--------		αὐτός	,		m|m|@
9	13	Νικομήδους	t_445	102475530	n-s---mn-	v1saia---		δεσπότης	προσέρχομαι		m|m|@
9	14	,	t_446	102475531	v--pna---	v-sppmmn-		εἰμί	βούλομαι		m|m|@
9	15	ὃς	t_447	102475532	u--------	v--rna---		,	οἶδα		m|m|@
9	16	ἐμαρτύρησεν	t_448	102475533	v1saia---	p-s---nn-		προσέρχομαι	ὁποῖος		m|m|@
9	17	αὐτοῦ	t_449	102475534	v-sppemn-	p-s---nn-		βούλομαι	τις		m|m|@
9	18	δεσπότης	t_450	102475535	v--rna---	r--------		οἶδα	περί		m|m|@
9	19	εἶναι	t_451	102475536	a-s---nn-	p-s---mg-		ὁποῖος	αὐτός		m|m|@
9	20	,	t_452	102475537	p-s---nn-	v3sfop---		τις	πράσσω		m|m|@
9	21	προσῆλθον	t_453	102475538	r--------	u--------		περί	.		m|m|@
9	22	βουλόμενος	t_454	102475539	p-s---mg-	d--------		αὐτός	τότε		m|m|@
9	23	εἰδέναι	t_455	102475540	v3sfop---	g--------		πράσσω	μέν		m|m|@
9	24	ὁποῖόν	t_456	102475541	u--------	g--------		.	οὖν		m|m|@
9	25	τι	t_457	102475542	d--------	c--------		τότε	ἐπειδή		m|m|@
9	26	περὶ	t_458	102475543	d--------	v3paim---		μέν	παύω		m|m|@
9	27	αὐτοῦ	t_459	102475544	d--------	v-pppmmn-		οὖν	μάχομαι		m|m|@
9	28	πραχθήσοιτο	t_460	102475545	c--------	u--------		ἐπεί	,		m|m|@
9	29	.	t_461	102475546	v3paim---	v3paia---		παύω	λέγω		m|m|@
9	30	τότε	t_462	102475547	v-pppemn-	p-p---cn-		μάχομαι	τις		m|m|@
9	31	μὲν	t_463	102475548	u--------	l-p---mg-		,	ὁ		m|m|@
9	32	οὖν	t_464	102475549	v3paia---	p-p---mg-		εἶπον	οὗτος		m|m|@
9	33	ἐπειδὴ	t_465	102475550	p-p---mn-	v-pppamg-		τις	πάρειμι		m|m|@
9	34	ἐπαύσαντο	t_466	102475551	l-p---mg-	c--------		ὁ	ὅτι		m|m|@
9	35	μαχόμενοι	t_467	102475552	p-p---mg-	v3spoa---		οὗτος	εἰμί		m|m|@
9	36	,	t_468	102475553	v-pppamg-	p-s---md-		πάρειμι1	αὐτός		m|m|@
9	37	εἶπόν	t_469	102475554	c--------	n-s---mn-		ὅτι	ἀδελφός		m|m|@
9	38	τινες	t_470	102475555	v3spoa---	p-s---mn-		εἰμί	ὅς		m|m|@
9	39	τῶν	t_471	102475556	p-s---md-	v3sfom---		αὐτός	ἐξαιρέω		m|m|@
9	40	τούτων	t_472	102475557	n-s---mn-	p-s---ma-		ἀδελφός	αὐτός		m|m|@
9	41	παρόντων	t_473	102475558	p-s---mn-	r--------		ὅς	εἰς		m|m|@
9	42	ὅτι	t_474	102475559	v3sfom---	n-s---fa-		ἐξαιρέω	ἐλευθερία		m|m|@
9	43	εἴη	t_475	102475560	p-s---ma-	u--------		αὐτός	·		m|m|@
9	44	αὐτῷ	t_476	102475561	r--------	r--------		εἰς	ἐπί		m|m|@
9	45	ἀδελφὸς	t_477	102475562	n-s---fa-	p-p---nd-		ἐλευθερία	οὗτος		m|m|@
9	46	ὃς	t_478	102475563	u--------	v-papmmn-		·	ἐγγυάω		m|m|@
9	47	ἐξαιρήσοιτο	t_479	102475564	r--------	v--fna---		ἐπί	παρέχω		m|m|@
9	48	αὐτὸν	t_480	102475565	p-p---nd-	r--------		οὗτος	εἰς		m|m|@
9	49	εἰς	t_481	102475566	v-papmmn-	d--------		ἐγγυάω	αὔριον		m|m|@
9	50	ἐλευθερίαν	t_482	102475567	v--fna---	v3piim---		παρέχω	οἴχομαι		m|m|@
9	51	·	t_483	102475568	r--------	v-pppamn-		εἰς	ἀπέρχομαι		m|m|@
10	1	ἐπὶ	t_484	102475569	d--------	u--------		αὔριον	.		m|m|@
10	2	τούτοις	t_485	102475570	v3piie---	l-s---fd-		οἴχομαι	ὁ		m|m|@
10	3	ἐγγυησάμενοι	t_486	102475571	v-pppamn-	b--------		ἄπειμι1	δέ		m|m|@
10	4	παρέξειν	t_487	102475572	u--------	a-s---fd-		.	ὑστεραῖος		m|m|@
10	5	εἰς	t_488	102475573	l-s---fd-	l-s---fg-		ὁ	ὁ		m|m|
10	6	αὔριον	t_489	102475574	d--------	b--------		δέ	τε		m|m|@
10	7	αὔριον	t_490	102475575	a-s---fd-	n-s---fg-		ὑστεραῖος	ἀντιγραφή		m|m|@
10	8	Rauchenstein:ἀγορὰν	t_491	102475576	l-s---fg-	r--------		ὁ	ἕνεκα		m|m|@
10	9	MSS	t_492	102475577	d--------	p-s---fg-		τε	οὗτος		m|m|@
10	10	.	t_493	102475578	n-s---fg-	b--------		ἀντιγραφή	καί		m|m|@
10	11	ᾤχοντο	t_494	102475579	r--------	p-s---fg-		ἕνεκα	αὐτός		m|m|@
10	12	ἀπιόντες	t_495	102475580	a-s---fg-	l-s---fg-		οὗτος	ὁ		m|m|@
10	13	.	t_496	102475581	c--------	n-s---fg-		καί	δίκη		m|m|@
10	14	τῇ	t_497	102475582	a-s---fg-	v3saia---		αὐτός	δοκέω		m|m|@
10	15	δʼ	t_498	102475583	l-s---fg-	p1s---cd-		ὁ	ἐγώ		m|m|@
10	16	ὑστεραίᾳ	t_499	102475584	n-s---fg-	v--pna---		δίκη	χρή		m|m|@
10	17	τῆς	t_500	102475585	v3saia---	n-p---ma-		δοκέω	μάρτυς		m|m|@
10	18	τε	t_501	102475586	p-s---md-	v-sapamd-		ἐγώ	λαμβάνω		m|m|@
10	19	ἀντιγραφῆς	t_502	102475587	v--pna---	v--anm---		χρή	παραγίγνομαι		m|m|@
10	20	ἕνεκα	t_503	102475588	n-p---ma-	u--------		μάρτυς	,		m|m|@
10	21	ταυτησὶ	t_504	102475589	v-sapamd-	c--------		λαμβάνω	ἵνα		m|m|@
10	22	καὶ	t_505	102475590	v--anm---	v1sroa---		παραγίγνομαι	οἶδα		m|m|@
10	23	αὐτῆς	t_506	102475591	u--------	p-s---ma-		,	ὁ		m|m|@
10	24	τῆς	t_507	102475592	c--------	b--------		ἵνα	τε		m|m|@
10	25	δίκης	t_508	102475593	v1sroa---	v-sfpmma-		οἶδα	ἐξαιρέω		m|m|@
10	26	ἔδοξέ	t_509	102475594	l-s---ma-	p-s---ma-		ὁ	αὐτός		m|m|@
10	27	μοι	t_510	102475595	d--------	b--------		τε	καί		m|m|@
10	28	χρῆναι	t_511	102475596	v-sfpmma-	p-s---na-		ἐξαιρέω	ὅς		m|m|@
10	29	μάρτυρας	t_512	102475597	p-s---ma-	p-s---na-		αὐτός	τις		m|m|@
10	30	λαβόντι	t_513	102475598	c--------	v-sppamn-		καί	λέγω		m|m|@
10	31	παραγενέσθαι	t_514	102475599	p-s---na-	v3sfom---		ὅς	ἀφαιρέω		m|m|@
10	32	,	t_515	102475600	a-s---na-	u--------		τις	.		m|m|@
10	33	ἵνʼ	t_516	102475601	v-sppamn-	r--------		λέγω3	ἐπί		m|m|@
10	34	εἰδείην	t_517	102475602	v3sfom---	p-p---nd-		ἀφαιρέω	ὅς		m|m|@
10	35	τόν	t_518	102475603	u--------	g--------		.	μέν		m|m|@
10	36	τʼ	t_519	102475604	r--------	g--------		ἐπί	οὖν		m|m|@
10	37	ἐξαιρησόμενον	t_520	102475605	p-p---nd-	v3saip---		ὅς	ἐξεγγυάω		m|m|@
10	38	αὐτὸν	t_521	102475606	d--------	u--------		μέν	,		m|m|@
10	39	καὶ	t_522	102475607	d--------	d--------		οὖν	οὐ		m|m|@
10	40	ὅ	t_523	102475608	v3saip---	b--------		ἐγγυάω	τε		m|m|@
10	41	τι	t_524	102475609	u--------	n-s---mn-		,	ἀδελφός		m|m|@
10	42	λέγων	t_525	102475610	d--------	d--------		οὐ	οὐ		m|m|
10	43	ἀφαιρήσοιτο	t_526	102475611	d--------	b--------		τε	τε		m|m|
10	44	.	t_527	102475612	n-s---mn-	p-s---mn-		ἀδελφός	ἄλλος		m|m|@
10	45	ἐφʼ	t_528	102475613	d--------	p-s---mn-		οὐ	οὐδείς		m|m|@
10	46	οἷς	t_529	102475614	c--------	v3saia---		τε	ἔρχομαι		m|m|@
10	47	μὲν	t_530	102475615	a-s---mn-	u--------		ἄλλος	,		m|m|@
10	48	οὖν	t_531	102475616	p-s---mn-	n-s---fn-		οὐδείς	γυνή		m|m|@
10	49	ἐξηγγυήθη	t_532	102475617	v3saia---	b--------		ἔρχομαι	δέ		m|m|@
10	50	,	t_533	102475618	u--------	v-sppafn-		,	φάσκω		m|m|@
10	51	οὔ	t_534	102475619	n-s---fn-	p-s---fg-		γυνή	ἑαυτοῦ		m|m|@
10	52	τε	t_535	102475620	c--------	p-s---ma-		δέ	αὐτός		m|m|@
10	53	ἀδελφὸς	t_536	102475621	v-sppafn-	v--pna---		φάσκω	εἰμί		m|m|@
10	54	οὔ	t_537	102475622	p-s---fg-	n-s---ma-		ἑαυτοῦ	δοῦλος		m|m|@
10	55	τε	t_538	102475623	p-s---ma-	u--------		αὐτός	,		m|m|@
10	56	ἄλλος	t_539	102475624	v--pna---	v-sppafn-		εἰμί	ἀμφισβητέω		m|m|@
10	57	οὐδεὶς	t_540	102475625	n-s---ma-	l-s---md-		δοῦλος	ὁ		m|m|@
10	58	ἦλθε	t_541	102475626	u--------	n-s---md-		,	Νικομήδης		m|m|@
10	59	,	t_542	102475627	v-sppafn-	u--------		ἀμφισβητέω	,		m|m|@
10	60	γυνὴ	t_543	102475628	l-s---md-	b--------		ὁ	καί		m|m|@
10	61	δὲ	t_544	102475629	n-s---md-	d--------		νικομήδης	οὐ		m|m|@
10	62	φάσκουσα	t_545	102475630	u--------	v3siia---		,	φημί		m|m|@
10	63	αὑτῆς	t_546	102475631	d--------	v--fna---		καί	ἐάω		m|m|@
10	64	αὐτὸν	t_547	102475632	d--------	p-s---ma-		οὐ	αὐτός		m|m|@
10	65	εἶναι	t_548	102475633	v3siia---	v--pna---		φημί	ἄγω		m|m|@
10	66	δοῦλον	t_549	102475634	v--fna---	u--------		ἐάω	.		m|m|@
10	67	,	t_550	102475635	p-s---ma-	p-p---nn-		αὐτός	ὅσος		m|m|@
10	68	ἀμφισβητοῦσα	t_551	102475636	v--pna---	g--------		ἄγω	μέν		m|m|@
10	69	τῷ	t_552	102475637	u--------	g--------		.	οὖν		m|m|@
10	70	Νικομήδει	t_553	102475638	a-p---nn-	d--------		ὅσος	αὐτόθι		m|m|@
10	71	,	t_554	102475639	d--------	v3saip---		μέν	λέγω		m|m|@
11	1	καὶ	t_555	102475640	d--------	u--------		οὖν	,		m|m|@
11	2	οὐκ	t_556	102475641	d--------	a-s---mn-		αὐτόθι	πολύς		m|m|@
11	3	ἔφη	t_557	102475642	v3saip---	g--------		ἐρῶ	ἄν		m|m|@
11	4	ἐάσειν	t_558	102475643	u--------	v3spoa---		,	εἰμί		m|m|@
11	5	αὐτὸν	t_559	102475644	a-s---mn-	p1s---cd-		πολύς	ἐγώ		m|m|@
11	6	ἄγειν	t_560	102475645	d--------	n-s---mn-		ἄν	λόγος		m|m|@
11	7	.	t_561	102475646	v3spoa---	v--pnm---		εἰμί	διηγέομαι		m|m|@
11	8	ὅσα	t_562	102475647	p1s---md-	u--------		ἐγώ	·		m|m|@
11	9	μὲν	t_563	102475648	n-s---mn-	r--------		λόγος	εἰς		m|m|@
11	10	οὖν	t_564	102475649	v--pne---	p-s---na-		διηγέομαι	οὗτος		m|m|@
11	11	αὐτόθι	t_565	102475650	u--------	b--------		·	δέ		m|m|@
11	12	ἐρρήθη	t_566	102475651	r--------	n-s---fg-		εἰς	βιαιότης		m|m|@
11	13	,	t_567	102475652	p-s---na-	v3paia---		οὗτος	ἔρχομαι		m|m|@
11	14	πολὺς	t_568	102475653	d--------	l-p---mn-		δέ	ὁ		m|m|@
11	15	ἂν	t_569	102475654	n-s---fg-	b--------		βιαιότης	τε		m|m|@
11	16	εἴη	t_570	102475655	v3paia---	v-pppamn-		ἔρχομαι	πάρειμι		m|m|@
11	17	μοι	t_571	102475656	l-p---mn-	p-s---nd-		ὅς	οὗτος		m|m|@
11	18	λόγος	t_572	102475657	d--------	b--------		τε	καί		m|m|@
11	19	διηγεῖσθαι	t_573	102475658	v-pppamn-	p-s---mn-		πάρειμι1	αὐτός		m|m|@
11	20	·	t_574	102475659	p-s---md-	p-s---mn-		οὗτος	οὗτος		m|m|
11	21	εἰς	t_575	102475660	c--------	u--------		καί	,		m|m|@
11	22	τοῦτο	t_576	102475661	a-s---mn-	c--------		αὐτός	ὥστε		m|m|@
11	23	δὲ	t_577	102475662	p-s---mn-	v-sppamg-		οὗτος	ἐθέλω		m|m|@
11	24	βιαιότητος	t_578	102475663	u--------	g--------		,	μέν		m|m|@
11	25	ἦλθον	t_579	102475664	c--------	l-s---mg-		ὥστε	ὁ		m|m|@
11	26	οἵ	t_580	102475665	v-sppamg-	n-s---mg-		ἐθέλω	Νικομήδης		m|m|@
11	27	τε	t_581	102475666	d--------	v-sppafg-		μέν	ἐθέλω		m|m|@
11	28	παρόντες	t_582	102475667	l-s---mg-	b--------		ὁ	δέ		m|m|@
11	29	τούτῳ	t_583	102475668	n-s---mg-	l-s---fg-		νικομήδης	ὁ		m|m|@
11	30	καὶ	t_584	102475669	v-sppafg-	n-s---fg-		ἐθέλω	γυνή		m|m|@
11	31	αὐτὸς	t_585	102475670	c--------	v--pna---		δέ	ἀφίημι		m|m|@
11	32	οὗτος	t_586	102475671	l-s---fg-	u--------		ὁ	,		m|m|@
11	33	,	t_587	102475672	n-s---fg-	c--------		γυνή	εἰ		m|m|@
11	34	ὥστε	t_588	102475673	v--pna---	p-s---cn-		ἀφίημι	τις		m|m|@
11	35	ἐθέλοντος	t_589	102475674	u--------	b--------		,	ἤ		m|m|@
11	36	μὲν	t_590	102475675	c--------	r--------		εἰ	εἰς		m|m|@
11	37	τοῦ	t_591	102475676	p-s---mn-	n-s---fa-		τις	ἐλευθερία		m|m|@
11	38	Νικομήδους	t_592	102475677	d--------	p-s---ma-		ἤ1	οὗτος		m|m|@
11	39	ἐθελούσης	t_593	102475678	r--------	v3spom---		εἰς	ἀφαιρέω		m|m|@
11	40	δὲ	t_594	102475679	n-s---fa-	b--------		ἐλευθερία	ἤ		m|m|@
11	41	τῆς	t_595	102475680	p-s---ma-	v3spoa---		οὗτος	ἄγω		m|m|@
11	42	γυναικὸς	t_596	102475681	v3spoe---	v-sppamn-		ἀφαιρέω	φάσκω		m|m|@
11	43	ἀφιέναι	t_597	102475682	c--------	p-s---mg-		ἤ1	ἑαυτοῦ		m|m|@
11	44	,	t_598	102475683	v3spoa---	n-s---ma-		ἄγω	δοῦλος		m|m|@
11	45	εἴ	t_599	102475684	v-sppamn-	v--pna---		φάσκω	εἰμί		m|m|@
11	46	τις	t_600	102475685	p-s---mg-	u--------		ἑαυτοῦ	,		m|m|@
11	47	ἢ	t_601	102475686	n-s---ma-	p-p---ng-		δοῦλος	οὗτος		m|m|@
11	48	εἰς	t_602	102475687	v--pna---	p-s---na-		εἰμί	οὐδείς		m|m|@
11	49	ἐλευθερίαν	t_603	102475688	u--------	v-papamn-		,	ποιέω		m|m|@
11	50	τοῦτον	t_604	102475689	p-p---ng-	v-papmmn-		οὗτος	ἀφαιρέω		m|m|@
11	51	ἀφαιροῖτο	t_605	102475690	p-s---na-	v3piim---		οὐδείς	οἴχομαι		m|m|@
11	52	ἢ	t_606	102475691	v-papamn-	u--------		ποιέω	.		m|m|@
11	53	ἄγοι	t_607	102475692	v-papmmn-	c--------		ἀφαιρέω	ὡς		m|m|@
11	54	ἀφαιροῖτο	t_608	102475693	v3piie---	g--------		οἴχομαι	οὖν		m|m|@
11	55	ἢ	t_609	102475694	u--------	l-s---fd-		.	ὁ		m|m|@
11	56	ἄγοι	t_610	102475695	c--------	b--------		ὡς	τε		m|m|@
11	57	Sauppe:	t_611	102475696	d--------	a-s---fd-		οὖν	προτεραῖος		m|m|@
11	58	ἄγοι	t_612	102475697	l-s---fd-	r--------		ὁ	ἐπί		m|m|@
11	59	ἢ	t_613	102475698	d--------	p-p---md-		τε	οὗτος		m|m|@
11	60	MSS	t_614	102475699	a-s---fd-	v3saip---		προτεραῖος	ἐξεγγυάω		m|m|@
11	61	.	t_615	102475700	r--------	b--------		ἐπί	καί		m|m|@
11	62	φάσκων	t_616	102475701	p-p---nd-	d--------		οὗτος	τότε		m|m|@
11	63	ἑαυτοῦ	t_617	102475702	v3saip---	n-s---fd-		ἐγγυάω	βία		m|m|@
11	64	δοῦλον	t_618	102475703	c--------	v3piim---		καί	οἴχομαι		m|m|@
11	65	εἶναι	t_619	102475704	d--------	v-papmmn-		τότε	ἀφαιρέω		m|m|@
11	66	,	t_620	102475705	n-s---fd-	p-s---ma-		βία	αὐτός		m|m|@
11	67	τούτων	t_621	102475706	v3piie---	u--------		οἴχομαι	,		m|m|@
11	68	οὐδὲν	t_622	102475707	v-papmmn-	n-p---ma-		ἀφαιρέω	μάρτυς		m|m|@
11	69	ποιήσαντες	t_623	102475708	p-s---ma-	v1sfim---		αὐτός	παρέχω		m|m|@
11	70	ἀφελόμενοι	t_624	102475709	u--------	p2p---cd-		,	σύ		m|m|@
11	71	ᾤχοντο	t_625	102475710	n-p---ma-	u--------		μάρτυς	.		m|m|@
11	72	.	t_626	102475711	v1sfim---	b--------		παρέχω	καί		m|m|@
11	73	ὡς	t_627	102475712	p-p---md-	p1s---cd-		σύ	ἐγώ		m|m|@
11	74	οὖν	t_628	102475713	u--------	v2sama---		.	ἐπιλαμβάνω		m|m|@
11	75	τῇ	t_629	102475714	d--------	l-s---na-		καί	ὁ		m|m|@
11	76	τε	t_630	102475715	p1s---md-	n-s---na-		ἐγώ	ὕδωρ		m|m|@
11	77	προτεραίᾳ	t_631	102475716	v2sama---	u--------		ἐπιλαμβάνω	.		m|m|@
11	78	ἐπὶ	t_632	102475717	l-s---na-	a-s---nn-		ὁ	ῥᾴδιος		m|m|@
11	79	τούτοις	t_633	102475718	n-s---na-	g--------		ὕδωρ	τοίνυν		m|m|@
11	80	ἐξηγγυήθη	t_634	102475719	u--------	v--rna---		.	οἶδα		m|m|@
11	81	καὶ	t_635	102475720	n-s---md-	c--------		μάρτυς	ὅτι		m|m|@
11	82	τότε	t_636	102475721	a-s---nn-	d--------		ῥᾴδιος	οὐ		m|m|@
11	83	βίᾳ	t_637	102475722	d--------	b--------		τοίνυν	δέ		m|m|@
11	84	ᾤχοντο	t_638	102475723	v--rna---	p-s---mn-		οἶδα	αὐτός		m|m|@
11	85	ἀφελόμενοι	t_639	102475724	c--------	n-s---mn-		ὅτι	Παγκλέων		m|m|@
11	86	αὐτόν	t_640	102475725	d--------	v3spia---		οὐ	νομίζω		m|m|@
11	87	,	t_641	102475726	d--------	p-s---ma-		δέ	ἑαυτοῦ		m|m|@
11	88	μάρτυρας	t_642	102475727	a-s---mn-	d--------		αὐτός	μή		m|m|@
11	89	παρέξομαι	t_643	102475728	n-s---mn-	c--------		πάγκλέων	ὅτι		m|m|@
11	90	ὑμῖν	t_644	102475729	v3spia---	n-s---ma-		νομίζω	Πλαταιεύς		m|m|@
11	91	.	t_645	102475730	p-s---ma-	v--pna---		ἑαυτοῦ	εἰμί		m|m|@
11	92	καί	t_646	102475731	d--------	u--------		μή	,		m|m|@
11	93	μοι	t_647	102475732	d--------	b--------		ὅτι	ἀλλά		m|m|@
11	94	ἐπίλαβε	t_648	102475733	n-s---ma-	d--------		πλαταιεύς	οὐ		m|m|@
11	95	τὸ	t_649	102475734	v--pna---	b--------		εἰμί	δέ		m|m|@
11	96	ὕδωρ	t_650	102475735	u--------	a-s---ma-		,	ἐλεύθερος		m|m|@
11	97	.	t_651	102475736	c--------	u--------		ἀλλά	.		m|m|@
12	1	Μάρτυρες	t_652	102475737	d--------	p-s---mn-		οὐ	ὅστις		m|m|@
12	1	ῥᾴδιον	t_653	102475738	d--------	g--------		δέ	γάρ		m|m|@
12	2	τοίνυν	t_654	102475739	a-s---ma-	v3saip---		ἐλεύθερος	βούλομαι		m|m|@
12	3	εἰδέναι	t_655	102475740	u--------	n-s---fd-		.	βία		m|m|@
12	4	ὅτι	t_656	102475741	p-s---mn-	v-sappmn-		ὅστις	ἀφαιρέω		m|m|@
12	5	οὐ	t_657	102475742	d--------	a-p---ma-		γάρ	ἔνοχος		m|m|@
12	6	δ’	t_658	102475743	v3saip---	v--ana---		βούλομαι	καθίστημι		m|m|@
12	7	αὐτὸς	t_659	102475744	n-s---fd-	l-p---ma-		βία	ὁ		m|m|@
12	8	Παγκλέων	t_660	102475745	v-sappmn-	p-s---mg-		ἀφαιρέω	ἑαυτοῦ		m|m|@
12	9	νομίζει	t_661	102475746	a-p---ma-	a-p---ma-		ἔνοχος	ἐπιτήδειος		m|m|@
12	10	ἑαυτὸν	t_662	102475747	v--ana---	l-p---nd-		καθίστημι	ὁ		m|m|@
12	11	μὴ	t_663	102475748	l-p---ma-	a-p---nd-		ὁ	βίαιος		m|m|@
12	12	ὅτι	t_664	102475749	p-s---mg-	d-------c		ἑαυτοῦ	μάλα		m|m|@
12	13	Πλαταιέα	t_665	102475750	a-p---ma-	c--------		ἐπιτήδειος	ἤ		m|m|@
12	14	εἶναι	t_666	102475751	l-p---nd-	r--------		ὁ	κατά		m|m|@
12	15	,	t_667	102475752	a-p---nd-	l-p---ma-		βίαιος	ὁ		m|m|@
12	16	ἀλλʼ	t_668	102475753	d--------	n-p---ma-		μᾶλλον	νόμος		m|m|@
12	17	οὐ	t_669	102475754	c--------	r--------		ἤ1	εἰς		m|m|@
12	18	δ’	t_670	102475755	r--------	l-s---fa-		κατά	ὁ		m|m|@
12	19	ἐλεύθερον	t_671	102475756	l-p---ma-	n-s---fa-		ὁ	ἐλευθερία		m|m|@
12	20	.	t_672	102475757	n-p---ma-	v-sappmn-		νόμος	ἐξαιρέω		m|m|@
12	21	ὅστις	t_673	102475758	r--------	n-s---fa-		εἰς	δίκη		m|m|@
12	22	γὰρ	t_674	102475759	l-s---fa-	v--ana---		ὁ	λαμβάνω		m|m|@
12	23	ἐβουλήθη	t_675	102475760	n-s---fa-	r--------		ἐλευθερία	παρά		m|m|@
12	24	βίᾳ	t_676	102475761	v-sappmn-	l-p---mg-		ἐξαιρέω	ὁ		m|m|@
12	25	ἀφαιρεθεὶς	t_677	102475762	n-s---fa-	v-pppamg-		δίκη	ἄγω		m|m|@
12	26	ἐνόχους	t_678	102475763	v--ana---	p-s---ma-		λαμβάνω	αὐτός		m|m|@
12	27	καταστῆσαι	t_679	102475764	r--------	u--------		παρά	,		m|m|@
12	28	τοὺς	t_680	102475765	l-p---mg-	p-s---md-		ὁ	οὐδείς		m|m|@
12	29	ἑαυτοῦ	t_681	102475766	v-pppamg-	a-s---nn-		ἄγω	χαλεπός		m|m|@
12	30	ἐπιτηδείους	t_682	102475767	p-s---ma-	v--ana---		αὐτός	γιγνώσκω		m|m|@
12	31	τοῖς	t_683	102475768	u--------	c--------		,	ὅτι		m|m|@
12	32	βιαίοις	t_684	102475769	p-s---md-	d--------		οὐδείς	εὖ		m|m|@
12	33	μᾶλλον	t_685	102475770	a-s---nn-	v-srpamn-		χαλεπός	οἶδα		m|m|@
12	34	ἢ	t_686	102475771	v--ana---	p-s---ma-		γιγνώσκω	ἑαυτοῦ		m|m|@
12	35	κατὰ	t_687	102475772	c--------	v-sppama-		ὅτι	εἰμί		m|m|@
12	36	τοὺς	t_688	102475773	d--------	n-s---ma-		εὖ	δοῦλος		m|m|@
12	37	νόμους	t_689	102475774	v-srpamn-	v3saia---		οἶδα	δείδω		m|m|@
12	38	εἰς	t_690	102475775	p-s---ma-	n-p---ma-		ἑαυτοῦ	ἐγγυητής		m|m|@
12	39	τὴν	t_691	102475776	v-sppama-	v-sapamn-		εἰμί	καθίστημι		m|m|@
12	40	ἐλευθερίαν	t_692	102475777	n-s---ma-	r--------		δοῦλος	περί		m|m|@
12	41	ἐξαιρεθεὶς	t_693	102475778	v3saia---	l-s---ng-		δείδω	ὁ		m|m|@
12	42	δίκην	t_694	102475779	n-p---ma-	n-s---ng-		ἐγγυητής	σῶμα		m|m|@
12	43	λαβεῖν	t_695	102475780	v-sapamn-	v--anm---		καθίστημι	ἀγωνίζομαι		m|m|@
12	44	παρὰ	t_696	102475781	r--------	u--------		περί	.		m|m|@
12	45	τῶν	t_697	102475782	l-s---ng-	c--------		ὁ	ὅτι		m|m|@
12	46	ἀγόντων	t_698	102475783	n-s---ng-	g--------		σῶμα	μέν		m|m|@
12	47	αὐτόν	t_699	102475784	v--anm---	g--------		ἀγωνίζομαι	οὖν		m|m|@
12	48	,	t_700	102475785	u--------	n-s---mn-		.	Πλαταιεύς		m|m|@
12	49	οὐδενὶ	t_701	102475786	c--------	v--pna---		ὅτι	εἰμί		m|m|@
12	50	χαλεπὸν	t_702	102475787	d--------	a-s---ng-		μέν	πολύς		m|m|@
12	51	γνῶναι	t_703	102475788	d--------	v3spia---		οὖν	δέω		m|m|@
12	52	ὅτι	t_704	102475789	n-s---mn-	u--------		πλαταιεύς	,		m|m|@
12	53	εὖ	t_705	102475790	v--pna---	v1spim---		εἰμί	οἴομαι		m|m|@
12	54	εἰδὼς	t_706	102475791	a-s---ng-	p2p---ca-		πολύς	σύ		m|m|@
12	55	ἑαυτὸν	t_707	102475792	v3spia---	r--------		δεῖ	ἐκ		m|m|@
12	56	ὄντα	t_708	102475793	u--------	p-p---ng-		,	οὗτος		m|m|@
12	57	δοῦλον	t_709	102475794	v1spie---	d--------		οἴομαι	σχεδόν		m|m|@
12	58	ἔδεισεν	t_710	102475795	p-p---ma-	p-s---na-		σύ	τις		m|m|@
12	59	ἐγγυητὰς	t_711	102475796	r--------	v--pna---		ἐκ	γιγνώσκω		m|m|@
12	60	καταστήσας	t_712	102475797	p-p---ng-	u--------		οὗτος	·		m|m|@
12	61	περὶ	t_713	102475798	d--------	c--------		σχεδόν	ὅτι		m|m|@
12	62	τοῦ	t_714	102475799	p-s---na-	b--------		τις	δέ		m|m|@
12	63	σώματος	t_715	102475800	v--pna---	d--------		γιγνώσκω	οὐ		m|m|@
12	64	ἀγωνίσασθαι	t_716	102475801	u--------	b--------		·	δέ		m|m|@
12	65	.	t_717	102475802	c--------	p-s---mn-		ὅτι	αὐτός		m|m|@
13	1	ὅτι	t_718	102475803	d--------	p-s---mn-		δέ	οὗτος		m|m|@
13	2	μὲν	t_719	102475804	d--------	u--------		οὐ	,		m|m|@
13	3	οὖν	t_720	102475805	d--------	p-s---mn-		δέ	ὅς		m|m|@
13	4	Πλαταιεὺς	t_721	102475806	a-s---mn-	a-p---nas		αὐτός	ἀγαθός		m|m|@
13	5	εἶναι	t_722	102475807	p-s---mn-	v3sria---		οὗτος	οἶδα		m|m|@
13	6	πολλοῦ	t_723	102475808	u--------	l-p---na-		,	ὁ		m|m|@
13	7	δεῖ	t_724	102475809	p-s---mn-	p-s---mg-		ὅς	ἑαυτοῦ		m|m|@
13	8	,	t_725	102475810	a-p---nas	u--------		ἄριστος	,		m|m|@
13	9	οἶμαι	t_726	102475811	v3sria---	v3saim---		οἶδα	ἡγέομαι		m|m|@
13	10	ὑμᾶς	t_727	102475812	l-p---na-	v--ana---		ὁ	δοκέω		m|m|@
13	11	ἐκ	t_728	102475813	p-s---mg-	g--------		ἑαυτοῦ	ἄν		m|m|@
13	12	τούτων	t_729	102475814	u--------	p2p---cd-		,	σύ		m|m|@
13	13	σχεδόν	t_730	102475815	v3saim---	n-s---mn-		ἡγέομαι	Πλαταιεύς		m|m|@
13	14	τι	t_731	102475816	v--ana---	v--pna---		δοκέω	εἰμί		m|m|@
13	15	γιγνώσκειν	t_732	102475817	d--------	u--------		ἄν	,		m|m|@
13	16	·	t_733	102475818	p-p---md-	r--------		σύ	ἐκ		m|m|@
13	17	ὅτι	t_734	102475819	n-s---mn-	p-p---ng-		πλαταιεύς	ὅς		m|m|@
13	18	δὲ	t_735	102475820	v--pna---	v3saia---		εἰμί	ἀράσσω		m|m|@
13	19	οὐ	t_736	102475821	u--------	d--------		,	ῥᾴδιος		m|m|@
13	20	δ’	t_737	102475822	r--------	v2pfim---		ἐκ	μανθάνω		m|m|@
13	21	αὐτὸς	t_738	102475823	p-p---mg-	u--------		ὅς	.		m|m|@
13	22	αὐτὸς	t_739	102475824	v3saia---	r--------		ῥέζω	ἐν		m|m|@
13	23	add	t_740	102475825	d--------	l-s---fd-		ῥᾴδιος	ὁ		m|m|@
13	24	.	t_741	102475826	v2pfim---	n-s---fd-		μανθάνω	ἀντωμοσία		m|m|@
13	25	Hertlein	t_742	102475827	u--------	g--------		.	γάρ		m|m|@
13	26	.	t_743	102475828	r--------	l-s---fg-		ἐν	ὁ		m|m|@
13	27	οὗτος	t_744	102475829	l-s---fd-	n-s---fg-		ὁ	δίκη		m|m|@
13	28	,	t_745	102475830	n-s---fd-	p-s---fa-		ἀντωμοσία	ὅς		m|m|@
13	29	ὃς	t_746	102475831	d--------	p-s---md-		γάρ	αὐτός		m|m|@
13	30	ἄριστα	t_747	102475832	l-s---fg-	v3saia---		ὁ	λαγχάνω		m|m|@
13	31	οἶδε	t_748	102475833	n-s---fg-	n-s---mn-		δίκη	Ἀριστόδικος		m|m|@
13	32	τὰ	t_749	102475834	p-s---fa-	p-s---mn-		ὅς	οὗτος		m|m|@
13	33	αὑτοῦ	t_750	102475835	p-s---md-	u--------		αὐτός	,		m|m|@
13	34	,	t_751	102475836	v3saia---	v-sppamn-		λαγχάνω	ἀμφισβητέω		m|m|@
13	35	ἡγήσατο	t_752	102475837	n-s---mn-	d--------		ἀριστόδικος	μή		m|m|@
13	36	δόξαι	t_753	102475838	a-s---mn-	r--------		οὗτος	πρός		m|m|@
13	37	ἂν	t_754	102475839	u--------	l-s---ma-		,	ὁ		m|m|@
13	38	ὑμῖν	t_755	102475840	v-sppamn-	n-s---ma-		ἀμφισβητέω	πολέμαρχος		m|m|@
13	39	Πλαταιεὺς	t_756	102475841	d--------	v--pna---		μή	εἰμί		m|m|@
13	40	εἶναι	t_757	102475842	r--------	p3s---cd-		πρός	ἕ		m|m|@
13	41	,	t_758	102475843	l-s---ma-	l-p---fa-		ὁ	ὁ		m|m|
13	42	ἐξ	t_759	102475844	n-s---ma-	n-p---fa-		πολέμαρχος	δίκη		m|m|@
13	43	ὧν	t_760	102475845	v--pna---	v3saip---		εἰμί	διαμαρτυρέω		m|m|@
13	44	ἔραξε	t_761	102475846	p-s---md-	d--------		ὁ	μή		m|m|@
13	45	ῥαδίως	t_762	102475847	l-p---fa-	n-s---mn-		ὁ	Πλαταιεύς		m|m|@
13	46	μαθήσεσθε	t_763	102475848	n-p---fa-	v--pna---		δίκη	εἰμί		m|m|@
13	47	.	t_764	102475849	v3saip---	u--------		διαμαρτύρομαι	.		m|m|@
13	48	ἐν	t_765	102475850	d--------	v-sapmmn-		μή	ἐπισκήπτω		m|m|@
13	49	τῇ	t_766	102475851	n-s---mn-	b--------		πλαταιεύς	δέ		m|m|@
13	50	ἀντωμοσία	t_767	102475852	v--pna---	l-s---md-		εἰμί	ὁ		m|m|@
13	51	γὰρ	t_768	102475853	u--------	n-s---md-		.	μάρτυς		m|m|@
13	52	τῆς	t_769	102475854	v-sapmmn-	d--------		ἐπισκήπτω	οὐ		m|m|@
13	53	δίκης	t_770	102475855	d--------	v3saia---		δέ	ἐπεξέρχομαι		m|m|@
13	54	ἣν	t_771	102475856	l-s---md-	u--------		ὁ	,		m|m|@
13	55	αὐτῷ	t_772	102475857	n-s---md-	b--------		μάρτυς	ἀλλά		m|m|@
13	56	ἔλαχεν	t_773	102475858	d--------	v3saia---		οὐ	ἐάω		m|m|@
13	57	Ἀριστόδικος	t_774	102475859	v3saia---	v--anm---		ἐπεξέρχομαι	καταδικάζω		m|m|@
13	58	οὑτοσί	t_775	102475860	u--------	p-s---mg-		,	αὐτός		m|m|@
13	59	,	t_776	102475861	c--------	l-s---ma-		ἀλλά	ὁ		m|m|@
13	60	ἀμφισβητῶν	t_777	102475862	v3saia---	n-s---ma-		ἐάω	Ἀριστόδικος		m|m|@
14	1	μὴ	t_778	102475863	v--anm---	u--------		καταδικάζω	.		m|m|@
14	2	πρὸς	t_779	102475864	p-s---mg-	c--------		αὐτός	ἐπεί		m|m|@
14	3	τὸν	t_780	102475865	l-s---ma-	b--------		ὁ	δέ		m|m|@
14	4	πολέμαρχον	t_781	102475866	n-s---ma-	a-s---mn-		ἀριστόδικος	ὑπερήμερος		m|m|@
14	5	εἶναί	t_782	102475867	u--------	v3saim---		.	γίγνομαι		m|m|@
14	6	οἱ	t_783	102475868	c--------	u--------		ἐπεί	,		m|m|@
14	7	τὰς	t_784	102475869	d--------	v3saia---		δέ	ἐκτίνω		m|m|@
14	8	δίκας	t_785	102475870	a-s---mn-	l-s---fa-		ὑπερήμερος	ὁ		m|m|@
14	9	διεμαρτυρήθη	t_786	102475871	v3saim---	n-s---fa-		γίγνομαι	δίκη		m|m|@
14	10	μὴ	t_787	102475872	u--------	u--------		,	,		m|m|
14	11	Πλαταιεὺς	t_788	102475873	v3saia---	r--------		ἐκτίνω	κατά		m|m|@
14	12	εἶναι	t_789	102475874	l-s---fa-	p-s---na-		ὁ	ὅστις		m|m|@
14	13	.	t_790	102475875	n-s---fa-	v3siia---		δίκη	πείθω		m|m|@
14	14	ἐπισκηψάμενος	t_791	102475876	u--------	u--------		,	.		m|m|@
14	15	δὲ	t_792	102475877	r--------	b--------		κατά	καί		m|m|@
14	16	τῷ	t_793	102475878	p-s---na-	p-p---ng-		ὅτι	οὗτος		m|m|@
14	17	μάρτυρι	t_794	102475879	v3siia---	u--------		πείθω	,		m|m|@
14	18	οὐκ	t_795	102475880	u--------	c--------		.	ὡς		m|m|@
14	19	ἐπεξῆλθεν	t_796	102475881	d--------	a-p---nn-		καί	ἀληθής		m|m|@
14	20	,	t_797	102475882	p-p---ng-	v3spia---		οὗτος	εἰμί		m|m|@
14	21	ἀλλʼ	t_798	102475883	u--------	u--------		,	,		m|m|
14	22	εἴασε	t_799	102475884	c--------	n-p---ma-		ὡς	μάρτυς		m|m|@
14	23	καταδικάσασθαι	t_800	102475885	a-p---nn-	p1s---cn-		ἀληθής	ἐγώ		m|m|@
14	24	αὐτοῦ	t_801	102475886	v3spia---	v1sfim---		εἰμί	παρέχω		m|m|@
14	25	αὐτοῦ	t_802	102475887	u--------	p2p---cd-		,	σύ		m|m|@
14	26	Reiske:	t_803	102475888	n-p---ma-	u--------		μάρτυς	.		m|m|@
14	27	αὐτὸν	t_804	102475889	p1s---mn-	b--------		ἐγώ	καί		m|m|@
14	28	MSS	t_805	102475890	v1sfim---	p1s---cd-		παρέχω	ἐγώ		m|m|@
14	29	τὸν	t_806	102475891	p-p---md-	v2sama---		σύ	ἐπιλαμβάνω		m|m|@
14	30	Ἀριστόδικον	t_807	102475892	u--------	l-s---na-		.	ὁ		m|m|@
14	31	.	t_808	102475893	d--------	n-s---na-		καί	ὕδωρ		m|m|@
14	32	ἐπεὶ	t_809	102475894	p1s---md-	u--------		ἐγώ	.		m|m|@
14	33	δὲ	t_810	102475895	v2sama---	c--------		ἐπιλαμβάνω	πρίν		m|m|@
14	34	ὑπερήμερος	t_811	102475896	l-s---na-	g--------		ὁ	τοίνυν		m|m|@
14	35	ἐγένετο	t_812	102475897	n-s---na-	p-p---na-		ὕδωρ	οὗτος		m|m|@
14	36	,	t_813	102475898	u--------	v--anp---		.	ὁμολογέω		m|m|@
14	37	ἐξέτισε	t_814	102475899	n-s---mn-	p-s---mg-		μάρτυς	αὐτός		m|m|@
14	38	τὴν	t_815	102475900	c--------	u--------		πρίν	,		m|m|@
14	39	δίκην	t_816	102475901	d--------	v-srpamn-		τοίνυν	δείδω		m|m|@
14	40	,	t_817	102475902	p-p---na-	l-s---ma-		οὗτος	ὁ		m|m|@
14	41	καθʼ	t_818	102475903	v--ane---	n-s---ma-		ὁμολογέω	Ἀριστόδικος		m|m|@
14	42	ὅτι	t_819	102475904	p-s---mg-	v-sapamn-		αὐτός	μεθίστημι		m|m|@
14	43	ἔπειθε	t_820	102475905	u--------	d--------		,	ἐντεῦθεν		m|m|@
14	44	.	t_821	102475906	v-srpamn-	n-p---fd-		δείδω	Θῆβαι		m|m|@
14	45	καὶ	t_822	102475907	l-s---ma-	v3siia---		ὁ	μετοικέω		m|m|@
14	46	τούτων	t_823	102475908	n-s---ma-	u--------		ἀριστόδικος	.		m|m|@
14	47	,	t_824	102475909	v-sapamn-	g--------		μεθίστημι	καίτοι		m|m|@
14	48	ὡς	t_825	102475910	d--------	v1spim---		ἐντεῦθεν	οἴομαι		m|m|@
14	49	ἀληθῆ	t_826	102475911	n-p---fd-	v--rna---		θήβησι	οἶδα		m|m|@
14	50	ἐστι	t_827	102475912	v3siia---	p2p---ca-		μετοικέω	σύ		m|m|@
14	51	,	t_828	102475913	u--------	c--------		.	ὅτι		m|m|@
14	52	μάρτυρας	t_829	102475914	d--------	c--------		καίτοι	εἴπερ		m|m|@
14	53	ἐγὼ	t_830	102475915	v1spie---	v3siia---		οἴομαι	εἰμί		m|m|@
14	54	παρέξομαι	t_831	102475916	v--rna---	n-s---mn-		οἶδα	Πλαταιεύς		m|m|@
14	55	ὑμῖν	t_832	102475917	p-p---ma-	u--------		σύ	,		m|m|@
14	56	.	t_833	102475918	c--------	d--------		ὅτι	πανταχοῦ		m|m|@
14	57	καί	t_834	102475919	c--------	d-------c		εἴπερ	μάλα		m|m|@
14	58	μοι	t_835	102475920	v3siia---	c--------		εἰμί	ἤ		m|m|@
14	59	ἐπίλαβε	t_836	102475921	n-s---mn-	n-p---fd-		πλαταιεύς	Θῆβαι		m|m|@
14	60	τὸ	t_837	102475922	u--------	v-srpann-		,	ἔοικα		m|m|@
14	61	ὕδωρ	t_838	102475923	d--------	v3siia---		πανταχοῦ	εἰμί		m|m|@
14	62	.	t_839	102475924	d--------	p-s---ma-		μᾶλλον	αὐτός		m|m|@
15	1	Μάρτυρες	t_840	102475925	c--------	v--ana---		ἤ1	μετοικέω		m|m|@
15	1	πρὶν	t_841	102475926	n-s---fa-	u--------		θήβησιν	.		m|m|@
15	2	τοίνυν	t_842	102475927	v-srpann-	c--------		ἔοικα	ὡς		m|m|@
15	3	ταῦτα	t_843	102475928	v3siia---	g--------		εἰμί	οὖν		m|m|@
15	4	ὁμολογηθῆναι	t_844	102475929	p-s---ma-	v3siia---		αὐτός	οἰκέω		m|m|@
15	5	αὐτῶ	t_845	102475930	v--ana---	d--------		μετοικέω	ἐκεῖ		m|m|@
15	6	,	t_846	102475931	u--------	a-s---ma-		.	πολύς		m|m|@
15	7	δεδιὼς	t_847	102475932	c--------	n-s---ma-		ὡς	χρόνος		m|m|@
15	8	τὸν	t_848	102475933	d--------	u--------		οὖν	,		m|m|@
15	9	Ἀριστόδικον	t_849	102475934	v3siia---	p-p---ng-		οἰκέω	οὗτος		m|m|@
15	10	μεταστὰς	t_850	102475935	d--------	p2p---cd-		ἐκεῖ	σύ		m|m|@
15	11	ἐντεῦθεν	t_851	102475936	a-s---ma-	n-p---ma-		πολύς	μάρτυς		m|m|@
15	12	Θήβησι	t_852	102475937	n-s---ma-	v1sfim---		χρόνος	παρέχω		m|m|@
15	13	μετῴκει	t_853	102475938	u--------	u--------		,	.		m|m|@
15	14	.	t_854	102475939	p-p---ng-	b--------		οὗτος	καί		m|m|@
15	15	καίτοι	t_855	102475940	p-p---md-	p1s---cd-		σύ	ἐγώ		m|m|@
15	16	οἶμαι	t_856	102475941	n-p---ma-	v2sama---		μάρτυς	ἐπιλαμβάνω		m|m|@
15	17	εἰδέναι	t_857	102475942	v1sfim---	l-s---na-		παρέχω	ὁ		m|m|@
15	18	ὑμᾶς	t_858	102475943	u--------	n-s---na-		.	ὕδωρ		m|m|@
15	19	ὅτι	t_859	102475944	d--------	u--------		καί	.		m|m|@
15	20	εἴπερ	t_860	102475945	p1s---md-	v--pna---		ἐγώ	ἐξαρκέω		m|m|@
15	21	ἦν	t_861	102475946	v2sama---	p1s---cd-		ἐπιλαμβάνω	ἐγώ		m|m|@
15	22	Πλαταιεύς	t_862	102475947	l-s---na-	v1spia---		ὁ	νομίζω		m|m|@
15	23	,	t_863	102475948	n-s---na-	l-p---na-		ὕδωρ	ὁ		m|m|@
15	24	πανταχοῦ	t_864	102475949	u--------	v-prpmna-		.	λέγω		m|m|@
15	25	μᾶλλον	t_865	102475950	n-p---mv-	u--------		μάρτυς	,		m|m|@
15	26	ἢ	t_866	102475951	v--pna---	i--------		ἐξαρκέω	ὦ		m|m|@
15	27	Θήβησιν	t_867	102475952	p1s---md-	n-p---mv-		ἐγώ	ἀνήρ		m|m|@
15	28	εἰκὸς	t_868	102475953	v1spia---	n-p---mv-		νομίζω	δικαστής		m|m|@
15	29	ἦν	t_869	102475954	l-p---na-	u--------		ὁ	·		m|m|@
15	30	αὐτὸν	t_870	102475955	v-prpena-	c--------		ἐρῶ	ἐάν		m|m|@
15	31	μετοικῆσαι	t_871	102475956	u--------	g--------		,	γάρ		m|m|@
15	32	.	t_872	102475957	i--------	v2ppsa---		ὦ	διαμνημονεύω		m|m|@
15	33	ὡς	t_873	102475958	n-p---mv-	u--------		ἀνήρ	,		m|m|@
15	34	οὖν	t_874	102475959	n-p---mv-	v1sria---		δικαστής	οἶδα		m|m|@
15	35	ᾤκει	t_875	102475960	u--------	c--------		·	ὅτι		m|m|@
15	36	ἐκεῖ	t_876	102475961	c--------	l-p---na-		ἐάν	ὁ		m|m|@
15	37	ἐκεῖ	t_877	102475962	d--------	b--------		γάρ	τε		m|m|@
15	38	add	t_878	102475963	v2ppsa---	a-p---na-		διαμνημονεύω	δίκαιος		m|m|@
15	39	.	t_879	102475964	u--------	b--------		,	καί		m|m|@
15	40	Markland	t_880	102475965	v1sria---	l-p---na-		οἶδα	ὁ		m|m|@
15	41	.	t_881	102475966	c--------	a-p---na-		ὅτι	ἀληθής		m|m|@
15	42	πολὺν	t_882	102475967	l-p---na-	v2pfim---		ὁ	ψηφίζω		m|m|@
15	43	χρόνον	t_883	102475968	d--------	u--------		τε	,		m|m|@
15	44	,	t_884	102475969	a-p---na-	p-p---na-		δίκαιος	ὅς		m|m|@
15	45	τούτων	t_885	102475970	c--------	d--------		καί	καί		m|m|
15	46	ὑμῖν	t_886	102475971	l-p---na-	p1s---cn-		ὁ	ἐγώ		m|m|@
15	47	μάρτυρας	t_887	102475972	a-p---na-	p2p---cg-		ἀληθής	σύ		m|m|@
15	48	παρέξομαι	t_888	102475973	v2pfim---	v1spim---		ψηφίζω	δέω		m|m|@
15	49	.	t_889	102475974	u--------	u--------		,	.		m|m|@
15	50	καί	t_890		p-p---na-			ὅς			m|m|m
15	51	μοι	t_891		d--------			καί			m|m|m
15	52	ἐπίλαβε	t_892		p1s---mn-			ἐγώ			m|m|m
15	53	τὸ	t_893		p-p---mg-			σύ			m|m|m
15	54	ὕδωρ	t_894		v1spie---			δέω			m|m|m
15	55	.	t_895		u--------			.			m|m|m
16	1	Μάρτυρες	t_895		u--------			.			m|m|m
16	1	ἐξαρκεῖν	t_895		u--------			.			m|m|m
16	2	μοι	t_895		u--------			.			m|m|m
16	3	νομίζω	t_895		u--------			.			m|m|m
16	4	τὰ	t_895		u--------			.			m|m|m
16	5	εἰρημένα	t_895		u--------			.			m|m|m
16	6	,	t_895		u--------			.			m|m|m
16	7	ὦ	t_895		u--------			.			m|m|m
16	8	ἄνδρες	t_895		u--------			.			m|m|m
16	9	δικασταί	t_895		u--------			.			m|m|m
16	10	·	t_895		u--------			.			m|m|m
16	11	ἐὰν	t_895		u--------			.			m|m|m
16	12	γὰρ	t_895		u--------			.			m|m|m
16	13	διαμνημονεύητε	t_895		u--------			.			m|m|m
16	14	,	t_895		u--------			.			m|m|m
16	15	οἶδʼ	t_895		u--------			.			m|m|m
16	16	ὅτι	t_895		u--------			.			m|m|m
16	17	τά	t_895		u--------			.			m|m|m
16	18	τε	t_895		u--------			.			m|m|m
16	19	δίκαια	t_895		u--------			.			m|m|m
16	20	καὶ	t_895		u--------			.			m|m|m
16	21	τ	t_895		u--------			.			m|m|m
16	22	ἀληθῆ	t_895		u--------			.			m|m|m
16	23	ψηφιεῖσθε	t_895		u--------			.			m|m|m
16	24	,	t_895		u--------			.			m|m|m
16	25	ἃ	t_895		u--------			.			m|m|m
16	26	καὶ	t_895		u--------			.			m|m|m
16	27	ἃ	t_895		u--------			.			m|m|m
16	28	καὶ	t_895		u--------			.			m|m|m
16	29	Wilamowitz:	t_895		u--------			.			m|m|m
16	30	καὶ	t_895		u--------			.			m|m|m
16	31	ἃ	t_895		u--------			.			m|m|m
16	32	.	t_895		u--------			.			m|m|m
16	33	ἐγὼ	t_895		u--------			.			m|m|m
16	34	ὑμῶν	t_895		u--------			.			m|m|m
16	35	δέομαι	t_895		u--------			.			m|m|m
16	36	.	t_895		u--------			.			m|m|m
